date,estate_id,actual,forecast,model,error,absolute_error
2025-01-01,EST001,8385.6,9199.8,Naive,-814.1999999999989,814.1999999999989
2025-02-01,EST001,9219.1,9199.8,Naive,19.30000000000109,19.30000000000109
2025-03-01,EST001,8661.8,9199.8,Naive,-538.0,538.0
2025-04-01,EST001,10508.3,9199.8,Naive,1308.5,1308.5
2025-05-01,EST001,10733.9,9199.8,Naive,1534.1000000000004,1534.1000000000004
2025-06-01,EST001,7719.9,9199.8,Naive,-1479.8999999999996,1479.8999999999996
2025-07-01,EST001,9791.0,9199.8,Naive,591.2000000000007,591.2000000000007
2025-08-01,EST001,10124.1,9199.8,Naive,924.3000000000011,924.3000000000011
2025-09-01,EST001,10449.1,9199.8,Naive,1249.300000000001,1249.300000000001
2025-10-01,EST001,9599.1,9199.8,Naive,399.3000000000011,399.3000000000011
2025-11-01,EST001,8497.5,9199.8,Naive,-702.2999999999993,702.2999999999993
2025-12-01,EST001,8566.4,9199.8,Naive,-633.3999999999996,633.3999999999996
2025-01-01,EST002,8203.5,8193.0,Naive,10.5,10.5
2025-02-01,EST002,8135.0,8193.0,Naive,-58.0,58.0
2025-03-01,EST002,9223.9,8193.0,Naive,1030.8999999999996,1030.8999999999996
2025-04-01,EST002,9101.6,8193.0,Naive,908.6000000000004,908.6000000000004
2025-05-01,EST002,8088.5,8193.0,Naive,-104.5,104.5
2025-06-01,EST002,9041.1,8193.0,Naive,848.1000000000004,848.1000000000004
2025-07-01,EST002,9993.7,8193.0,Naive,1800.7000000000007,1800.7000000000007
2025-08-01,EST002,7658.6,8193.0,Naive,-534.3999999999996,534.3999999999996
2025-09-01,EST002,8984.6,8193.0,Naive,791.6000000000004,791.6000000000004
2025-10-01,EST002,7226.5,8193.0,Naive,-966.5,966.5
2025-11-01,EST002,7602.1,8193.0,Naive,-590.8999999999996,590.8999999999996
2025-12-01,EST002,7350.8,8193.0,Naive,-842.1999999999998,842.1999999999998
2025-01-01,EST003,10105.6,10456.3,Naive,-350.6999999999989,350.6999999999989
2025-02-01,EST003,10093.2,10456.3,Naive,-363.09999999999854,363.09999999999854
2025-03-01,EST003,9797.6,10456.3,Naive,-658.6999999999989,658.6999999999989
2025-04-01,EST003,11862.5,10456.3,Naive,1406.2000000000007,1406.2000000000007
2025-05-01,EST003,10953.5,10456.3,Naive,497.2000000000007,497.2000000000007
2025-06-01,EST003,11070.1,10456.3,Naive,613.8000000000011,613.8000000000011
2025-07-01,EST003,10757.0,10456.3,Naive,300.7000000000007,300.7000000000007
2025-08-01,EST003,10478.0,10456.3,Naive,21.700000000000728,21.700000000000728
2025-09-01,EST003,10788.8,10456.3,Naive,332.5,332.5
2025-10-01,EST003,10036.1,10456.3,Naive,-420.1999999999989,420.1999999999989
2025-11-01,EST003,9892.1,10456.3,Naive,-564.1999999999989,564.1999999999989
2025-12-01,EST003,10478.7,10456.3,Naive,22.400000000001455,22.400000000001455
2025-01-01,EST004,9740.3,9425.5,Naive,314.7999999999993,314.7999999999993
2025-02-01,EST004,9854.6,9425.5,Naive,429.10000000000036,429.10000000000036
2025-03-01,EST004,10893.2,9425.5,Naive,1467.7000000000007,1467.7000000000007
2025-04-01,EST004,11732.9,9425.5,Naive,2307.3999999999996,2307.3999999999996
2025-05-01,EST004,10975.4,9425.5,Naive,1549.8999999999996,1549.8999999999996
2025-06-01,EST004,13146.8,9425.5,Naive,3721.2999999999993,3721.2999999999993
2025-07-01,EST004,10662.3,9425.5,Naive,1236.7999999999993,1236.7999999999993
2025-08-01,EST004,10017.7,9425.5,Naive,592.2000000000007,592.2000000000007
2025-09-01,EST004,11090.9,9425.5,Naive,1665.3999999999996,1665.3999999999996
2025-10-01,EST004,10548.4,9425.5,Naive,1122.8999999999996,1122.8999999999996
2025-11-01,EST004,9449.5,9425.5,Naive,24.0,24.0
2025-12-01,EST004,10677.6,9425.5,Naive,1252.1000000000004,1252.1000000000004
2025-01-01,EST005,11025.7,11409.9,Naive,-384.1999999999989,384.1999999999989
2025-02-01,EST005,10944.6,11409.9,Naive,-465.2999999999993,465.2999999999993
2025-03-01,EST005,11756.6,11409.9,Naive,346.7000000000007,346.7000000000007
2025-04-01,EST005,11774.8,11409.9,Naive,364.89999999999964,364.89999999999964
2025-05-01,EST005,10938.0,11409.9,Naive,-471.89999999999964,471.89999999999964
2025-06-01,EST005,13354.1,11409.9,Naive,1944.2000000000007,1944.2000000000007
2025-07-01,EST005,12998.4,11409.9,Naive,1588.5,1588.5
2025-08-01,EST005,11597.8,11409.9,Naive,187.89999999999964,187.89999999999964
2025-09-01,EST005,14292.4,11409.9,Naive,2882.5,2882.5
2025-10-01,EST005,13589.2,11409.9,Naive,2179.300000000001,2179.300000000001
2025-11-01,EST005,12914.1,11409.9,Naive,1504.2000000000007,1504.2000000000007
2025-12-01,EST005,11197.3,11409.9,Naive,-212.60000000000036,212.60000000000036
2025-01-01,EST006,9262.9,7869.9,Naive,1393.0,1393.0
2025-02-01,EST006,9624.8,7869.9,Naive,1754.8999999999996,1754.8999999999996
2025-03-01,EST006,10119.7,7869.9,Naive,2249.800000000001,2249.800000000001
2025-04-01,EST006,9586.6,7869.9,Naive,1716.7000000000007,1716.7000000000007
2025-05-01,EST006,10179.75,7869.9,Naive,2309.8500000000004,2309.8500000000004
2025-06-01,EST006,10772.9,7869.9,Naive,2903.0,2903.0
2025-07-01,EST006,9522.8,7869.9,Naive,1652.8999999999996,1652.8999999999996
2025-08-01,EST006,9037.5,7869.9,Naive,1167.6000000000004,1167.6000000000004
2025-09-01,EST006,10594.7,7869.9,Naive,2724.800000000001,2724.800000000001
2025-10-01,EST006,8615.0,7869.9,Naive,745.1000000000004,745.1000000000004
2025-11-01,EST006,9384.1,7869.9,Naive,1514.2000000000007,1514.2000000000007
2025-12-01,EST006,8494.1,7869.9,Naive,624.2000000000007,624.2000000000007
2025-01-01,EST007,9566.4,10170.0,Naive,-603.6000000000004,603.6000000000004
2025-02-01,EST007,9362.6,10170.0,Naive,-807.3999999999996,807.3999999999996
2025-03-01,EST007,11110.6,10170.0,Naive,940.6000000000004,940.6000000000004
2025-04-01,EST007,9794.3,10170.0,Naive,-375.7000000000007,375.7000000000007
2025-05-01,EST007,10712.7,10170.0,Naive,542.7000000000007,542.7000000000007
2025-06-01,EST007,12584.7,10170.0,Naive,2414.7000000000007,2414.7000000000007
2025-07-01,EST007,11966.9,10170.0,Naive,1796.8999999999996,1796.8999999999996
2025-08-01,EST007,11695.2,10170.0,Naive,1525.2000000000007,1525.2000000000007
2025-09-01,EST007,11130.1,10170.0,Naive,960.1000000000004,960.1000000000004
2025-10-01,EST007,10091.7,10170.0,Naive,-78.29999999999927,78.29999999999927
2025-11-01,EST007,9901.6,10170.0,Naive,-268.39999999999964,268.39999999999964
2025-12-01,EST007,9021.2,10170.0,Naive,-1148.7999999999993,1148.7999999999993
2025-01-01,EST008,8916.4,8677.5,Naive,238.89999999999964,238.89999999999964
2025-02-01,EST008,8942.5,8677.5,Naive,265.0,265.0
2025-03-01,EST008,9568.8,8677.5,Naive,891.2999999999993,891.2999999999993
2025-04-01,EST008,8929.1,8677.5,Naive,251.60000000000036,251.60000000000036
2025-05-01,EST008,10269.0,8677.5,Naive,1591.5,1591.5
2025-06-01,EST008,10631.55,8677.5,Naive,1954.0499999999993,1954.0499999999993
2025-07-01,EST008,10994.1,8677.5,Naive,2316.6000000000004,2316.6000000000004
2025-08-01,EST008,10501.3,8677.5,Naive,1823.7999999999993,1823.7999999999993
2025-09-01,EST008,7989.1,8677.5,Naive,-688.3999999999996,688.3999999999996
2025-10-01,EST008,9819.6,8677.5,Naive,1142.1000000000004,1142.1000000000004
2025-11-01,EST008,8748.2,8677.5,Naive,70.70000000000073,70.70000000000073
2025-12-01,EST008,8931.6,8677.5,Naive,254.10000000000036,254.10000000000036
2025-01-01,EST009,8171.3,6154.3,Naive,2017.0,2017.0
2025-02-01,EST009,6801.4,6154.3,Naive,647.0999999999995,647.0999999999995
2025-03-01,EST009,8301.5,6154.3,Naive,2147.2,2147.2
2025-04-01,EST009,7271.3,6154.3,Naive,1117.0,1117.0
2025-05-01,EST009,7680.6,6154.3,Naive,1526.3000000000002,1526.3000000000002
2025-06-01,EST009,8059.3,6154.3,Naive,1905.0,1905.0
2025-07-01,EST009,7311.7,6154.3,Naive,1157.3999999999996,1157.3999999999996
2025-08-01,EST009,7069.7,6154.3,Naive,915.3999999999996,915.3999999999996
2025-09-01,EST009,7594.3,6154.3,Naive,1440.0,1440.0
2025-10-01,EST009,7295.2,6154.3,Naive,1140.8999999999996,1140.8999999999996
2025-11-01,EST009,7669.9,6154.3,Naive,1515.5999999999995,1515.5999999999995
2025-12-01,EST009,6348.8,6154.3,Naive,194.5,194.5
2025-01-01,EST010,8536.4,9532.1,Naive,-995.7000000000007,995.7000000000007
2025-02-01,EST010,9164.3,9532.1,Naive,-367.8000000000011,367.8000000000011
2025-03-01,EST010,9281.6,9532.1,Naive,-250.5,250.5
2025-04-01,EST010,9607.2,9532.1,Naive,75.10000000000036,75.10000000000036
2025-05-01,EST010,9465.6,9532.1,Naive,-66.5,66.5
2025-06-01,EST010,8945.7,9532.1,Naive,-586.3999999999996,586.3999999999996
2025-07-01,EST010,9752.8,9532.1,Naive,220.6999999999989,220.6999999999989
2025-08-01,EST010,9326.8,9532.1,Naive,-205.3000000000011,205.3000000000011
2025-09-01,EST010,9624.3,9532.1,Naive,92.19999999999891,92.19999999999891
2025-10-01,EST010,8785.7,9532.1,Naive,-746.3999999999996,746.3999999999996
2025-11-01,EST010,8879.5,9532.1,Naive,-652.6000000000004,652.6000000000004
2025-12-01,EST010,8554.7,9532.1,Naive,-977.3999999999996,977.3999999999996
2025-01-01,EST001,8385.6,9679.8,Seasonal Naive,-1294.199999999999,1294.199999999999
2025-02-01,EST001,9219.1,8817.3,Seasonal Naive,401.8000000000011,401.8000000000011
2025-03-01,EST001,8661.8,9108.2,Seasonal Naive,-446.40000000000146,446.40000000000146
2025-04-01,EST001,10508.3,8795.3,Seasonal Naive,1713.0,1713.0
2025-05-01,EST001,10733.9,10151.0,Seasonal Naive,582.8999999999996,582.8999999999996
2025-06-01,EST001,7719.9,10991.6,Seasonal Naive,-3271.7000000000007,3271.7000000000007
2025-07-01,EST001,9791.0,10975.6,Seasonal Naive,-1184.6000000000004,1184.6000000000004
2025-08-01,EST001,10124.1,11030.5,Seasonal Naive,-906.3999999999996,906.3999999999996
2025-09-01,EST001,10449.1,8693.5,Seasonal Naive,1755.6000000000004,1755.6000000000004
2025-10-01,EST001,9599.1,9614.9,Seasonal Naive,-15.799999999999272,15.799999999999272
2025-11-01,EST001,8497.5,9129.2,Seasonal Naive,-631.7000000000007,631.7000000000007
2025-12-01,EST001,8566.4,9199.8,Seasonal Naive,-633.3999999999996,633.3999999999996
2025-01-01,EST002,8203.5,8040.9,Seasonal Naive,162.60000000000036,162.60000000000036
2025-02-01,EST002,8135.0,7913.5,Seasonal Naive,221.5,221.5
2025-03-01,EST002,9223.9,8630.4,Seasonal Naive,593.5,593.5
2025-04-01,EST002,9101.6,8490.3,Seasonal Naive,611.3000000000011,611.3000000000011
2025-05-01,EST002,8088.5,8891.3,Seasonal Naive,-802.7999999999993,802.7999999999993
2025-06-01,EST002,9041.1,8951.9,Seasonal Naive,89.20000000000073,89.20000000000073
2025-07-01,EST002,9993.7,10176.9,Seasonal Naive,-183.1999999999989,183.1999999999989
2025-08-01,EST002,7658.6,9239.2,Seasonal Naive,-1580.6000000000004,1580.6000000000004
2025-09-01,EST002,8984.6,8326.9,Seasonal Naive,657.7000000000007,657.7000000000007
2025-10-01,EST002,7226.5,8483.4,Seasonal Naive,-1256.8999999999996,1256.8999999999996
2025-11-01,EST002,7602.1,8364.2,Seasonal Naive,-762.1000000000004,762.1000000000004
2025-12-01,EST002,7350.8,8193.0,Seasonal Naive,-842.1999999999998,842.1999999999998
2025-01-01,EST003,10105.6,10469.7,Seasonal Naive,-364.10000000000036,364.10000000000036
2025-02-01,EST003,10093.2,10440.1,Seasonal Naive,-346.89999999999964,346.89999999999964
2025-03-01,EST003,9797.6,11087.6,Seasonal Naive,-1290.0,1290.0
2025-04-01,EST003,11862.5,12281.9,Seasonal Naive,-419.39999999999964,419.39999999999964
2025-05-01,EST003,10953.5,11983.4,Seasonal Naive,-1029.8999999999996,1029.8999999999996
2025-06-01,EST003,11070.1,11154.1,Seasonal Naive,-84.0,84.0
2025-07-01,EST003,10757.0,11708.4,Seasonal Naive,-951.3999999999996,951.3999999999996
2025-08-01,EST003,10478.0,12151.6,Seasonal Naive,-1673.6000000000004,1673.6000000000004
2025-09-01,EST003,10788.8,11449.05,Seasonal Naive,-660.25,660.25
2025-10-01,EST003,10036.1,10746.5,Seasonal Naive,-710.3999999999996,710.3999999999996
2025-11-01,EST003,9892.1,10807.0,Seasonal Naive,-914.8999999999996,914.8999999999996
2025-12-01,EST003,10478.7,10456.3,Seasonal Naive,22.400000000001455,22.400000000001455
2025-01-01,EST004,9740.3,10007.0,Seasonal Naive,-266.7000000000007,266.7000000000007
2025-02-01,EST004,9854.6,10037.8,Seasonal Naive,-183.1999999999989,183.1999999999989
2025-03-01,EST004,10893.2,10039.6,Seasonal Naive,853.6000000000004,853.6000000000004
2025-04-01,EST004,11732.9,12247.1,Seasonal Naive,-514.2000000000007,514.2000000000007
2025-05-01,EST004,10975.4,12606.7,Seasonal Naive,-1631.300000000001,1631.300000000001
2025-06-01,EST004,13146.8,11094.4,Seasonal Naive,2052.3999999999996,2052.3999999999996
2025-07-01,EST004,10662.3,13094.8,Seasonal Naive,-2432.5,2432.5
2025-08-01,EST004,10017.7,10451.9,Seasonal Naive,-434.1999999999989,434.1999999999989
2025-09-01,EST004,11090.9,9831.9,Seasonal Naive,1259.0,1259.0
2025-10-01,EST004,10548.4,11027.2,Seasonal Naive,-478.8000000000011,478.8000000000011
2025-11-01,EST004,9449.5,10010.9,Seasonal Naive,-561.3999999999996,561.3999999999996
2025-12-01,EST004,10677.6,9425.5,Seasonal Naive,1252.1000000000004,1252.1000000000004
2025-01-01,EST005,11025.7,11348.5,Seasonal Naive,-322.7999999999993,322.7999999999993
2025-02-01,EST005,10944.6,11897.4,Seasonal Naive,-952.7999999999993,952.7999999999993
2025-03-01,EST005,11756.6,11976.3,Seasonal Naive,-219.6999999999989,219.6999999999989
2025-04-01,EST005,11774.8,12862.7,Seasonal Naive,-1087.9000000000015,1087.9000000000015
2025-05-01,EST005,10938.0,11487.0,Seasonal Naive,-549.0,549.0
2025-06-01,EST005,13354.1,11988.6,Seasonal Naive,1365.5,1365.5
2025-07-01,EST005,12998.4,12876.4,Seasonal Naive,122.0,122.0
2025-08-01,EST005,11597.8,13683.6,Seasonal Naive,-2085.800000000001,2085.800000000001
2025-09-01,EST005,14292.4,12899.7,Seasonal Naive,1392.699999999999,1392.699999999999
2025-10-01,EST005,13589.2,11975.6,Seasonal Naive,1613.6000000000004,1613.6000000000004
2025-11-01,EST005,12914.1,11692.75,Seasonal Naive,1221.3500000000004,1221.3500000000004
2025-12-01,EST005,11197.3,11409.9,Seasonal Naive,-212.60000000000036,212.60000000000036
2025-01-01,EST006,9262.9,8924.0,Seasonal Naive,338.89999999999964,338.89999999999964
2025-02-01,EST006,9624.8,8805.6,Seasonal Naive,819.1999999999989,819.1999999999989
2025-03-01,EST006,10119.7,9973.0,Seasonal Naive,146.70000000000073,146.70000000000073
2025-04-01,EST006,9586.6,10979.0,Seasonal Naive,-1392.3999999999996,1392.3999999999996
2025-05-01,EST006,10179.75,11229.6,Seasonal Naive,-1049.8500000000004,1049.8500000000004
2025-06-01,EST006,10772.9,10216.9,Seasonal Naive,556.0,556.0
2025-07-01,EST006,9522.8,11052.1,Seasonal Naive,-1529.300000000001,1529.300000000001
2025-08-01,EST006,9037.5,10712.75,Seasonal Naive,-1675.25,1675.25
2025-09-01,EST006,10594.7,10373.4,Seasonal Naive,221.3000000000011,221.3000000000011
2025-10-01,EST006,8615.0,8745.9,Seasonal Naive,-130.89999999999964,130.89999999999964
2025-11-01,EST006,9384.1,9256.5,Seasonal Naive,127.60000000000036,127.60000000000036
2025-12-01,EST006,8494.1,7869.9,Seasonal Naive,624.2000000000007,624.2000000000007
2025-01-01,EST007,9566.4,9714.0,Seasonal Naive,-147.60000000000036,147.60000000000036
2025-02-01,EST007,9362.6,10001.1,Seasonal Naive,-638.5,638.5
2025-03-01,EST007,11110.6,10743.4,Seasonal Naive,367.2000000000007,367.2000000000007
2025-04-01,EST007,9794.3,11164.1,Seasonal Naive,-1369.800000000001,1369.800000000001
2025-05-01,EST007,10712.7,10012.0,Seasonal Naive,700.7000000000007,700.7000000000007
2025-06-01,EST007,12584.7,11298.9,Seasonal Naive,1285.800000000001,1285.800000000001
2025-07-01,EST007,11966.9,11692.8,Seasonal Naive,274.10000000000036,274.10000000000036
2025-08-01,EST007,11695.2,11872.0,Seasonal Naive,-176.79999999999927,176.79999999999927
2025-09-01,EST007,11130.1,11921.3,Seasonal Naive,-791.1999999999989,791.1999999999989
2025-10-01,EST007,10091.7,11649.9,Seasonal Naive,-1558.199999999999,1558.199999999999
2025-11-01,EST007,9901.6,9330.4,Seasonal Naive,571.2000000000007,571.2000000000007
2025-12-01,EST007,9021.2,10170.0,Seasonal Naive,-1148.7999999999993,1148.7999999999993
2025-01-01,EST008,8916.4,8238.3,Seasonal Naive,678.1000000000004,678.1000000000004
2025-02-01,EST008,8942.5,7970.4,Seasonal Naive,972.1000000000004,972.1000000000004
2025-03-01,EST008,9568.8,8088.6,Seasonal Naive,1480.199999999999,1480.199999999999
2025-04-01,EST008,8929.1,9980.4,Seasonal Naive,-1051.2999999999993,1051.2999999999993
2025-05-01,EST008,10269.0,9772.2,Seasonal Naive,496.7999999999993,496.7999999999993
2025-06-01,EST008,10631.55,9099.9,Seasonal Naive,1531.6499999999996,1531.6499999999996
2025-07-01,EST008,10994.1,10430.4,Seasonal Naive,563.7000000000007,563.7000000000007
2025-08-01,EST008,10501.3,10691.7,Seasonal Naive,-190.40000000000146,190.40000000000146
2025-09-01,EST008,7989.1,10582.3,Seasonal Naive,-2593.199999999999,2593.199999999999
2025-10-01,EST008,9819.6,9804.4,Seasonal Naive,15.200000000000728,15.200000000000728
2025-11-01,EST008,8748.2,8331.3,Seasonal Naive,416.90000000000146,416.90000000000146
2025-12-01,EST008,8931.6,8677.5,Seasonal Naive,254.10000000000036,254.10000000000036
2025-01-01,EST009,8171.3,6948.7,Seasonal Naive,1222.6000000000004,1222.6000000000004
2025-02-01,EST009,6801.4,6755.8,Seasonal Naive,45.599999999999454,45.599999999999454
2025-03-01,EST009,8301.5,7909.2,Seasonal Naive,392.3000000000002,392.3000000000002
2025-04-01,EST009,7271.3,8789.9,Seasonal Naive,-1518.5999999999995,1518.5999999999995
2025-05-01,EST009,7680.6,6399.9,Seasonal Naive,1280.7000000000007,1280.7000000000007
2025-06-01,EST009,8059.3,8080.1,Seasonal Naive,-20.800000000000182,20.800000000000182
2025-07-01,EST009,7311.7,8153.4,Seasonal Naive,-841.6999999999998,841.6999999999998
2025-08-01,EST009,7069.7,8893.7,Seasonal Naive,-1824.000000000001,1824.000000000001
2025-09-01,EST009,7594.3,6976.6,Seasonal Naive,617.6999999999998,617.6999999999998
2025-10-01,EST009,7295.2,6649.8,Seasonal Naive,645.3999999999996,645.3999999999996
2025-11-01,EST009,7669.9,7855.5,Seasonal Naive,-185.60000000000036,185.60000000000036
2025-12-01,EST009,6348.8,6154.3,Seasonal Naive,194.5,194.5
2025-01-01,EST010,8536.4,8985.6,Seasonal Naive,-449.2000000000007,449.2000000000007
2025-02-01,EST010,9164.3,10075.7,Seasonal Naive,-911.4000000000015,911.4000000000015
2025-03-01,EST010,9281.6,11165.8,Seasonal Naive,-1884.199999999999,1884.199999999999
2025-04-01,EST010,9607.2,9699.4,Seasonal Naive,-92.19999999999891,92.19999999999891
2025-05-01,EST010,9465.6,9407.2,Seasonal Naive,58.399999999999636,58.399999999999636
2025-06-01,EST010,8945.7,11266.3,Seasonal Naive,-2320.5999999999985,2320.5999999999985
2025-07-01,EST010,9752.8,10528.0,Seasonal Naive,-775.2000000000007,775.2000000000007
2025-08-01,EST010,9326.8,9789.7,Seasonal Naive,-462.90000000000146,462.90000000000146
2025-09-01,EST010,9624.3,9732.6,Seasonal Naive,-108.30000000000109,108.30000000000109
2025-10-01,EST010,8785.7,9896.1,Seasonal Naive,-1110.3999999999996,1110.3999999999996
2025-11-01,EST010,8879.5,9814.3,Seasonal Naive,-934.7999999999993,934.7999999999993
2025-12-01,EST010,8554.7,9532.1,Seasonal Naive,-977.3999999999996,977.3999999999996
2025-01-01,EST001,8385.6,8923.59965449811,Holt-Winters,-537.9996544981095,537.9996544981095
2025-02-01,EST001,9219.1,9465.097919712967,Holt-Winters,-245.9979197129669,245.9979197129669
2025-03-01,EST001,8661.8,9862.23605485491,Holt-Winters,-1200.4360548549103,1200.4360548549103
2025-04-01,EST001,10508.3,9917.56771479972,Holt-Winters,590.7322852002799,590.7322852002799
2025-05-01,EST001,10733.9,10468.720309046756,Holt-Winters,265.17969095324406,265.17969095324406
2025-06-01,EST001,7719.9,10608.188733680276,Holt-Winters,-2888.288733680276,2888.288733680276
2025-07-01,EST001,9791.0,10148.182518611604,Holt-Winters,-357.1825186116039,357.1825186116039
2025-08-01,EST001,10124.1,9867.141562796107,Holt-Winters,256.9584372038935,256.9584372038935
2025-09-01,EST001,10449.1,9734.272628839524,Holt-Winters,714.8273711604761,714.8273711604761
2025-10-01,EST001,9599.1,9409.922974239786,Holt-Winters,189.17702576021475,189.17702576021475
2025-11-01,EST001,8497.5,9120.619723483529,Holt-Winters,-623.119723483529,623.119723483529
2025-12-01,EST001,8566.4,8778.95251264383,Holt-Winters,-212.5525126438297,212.5525126438297
2025-01-01,EST002,8203.5,8630.297159840595,Holt-Winters,-426.79715984059476,426.79715984059476
2025-02-01,EST002,8135.0,8780.888342181246,Holt-Winters,-645.8883421812461,645.8883421812461
2025-03-01,EST002,9223.9,9328.608752337075,Holt-Winters,-104.70875233707557,104.70875233707557
2025-04-01,EST002,9101.6,9353.510786822242,Holt-Winters,-251.9107868222418,251.9107868222418
2025-05-01,EST002,8088.5,9242.857345392786,Holt-Winters,-1154.3573453927856,1154.3573453927856
2025-06-01,EST002,9041.1,9327.009473650744,Holt-Winters,-285.90947365074317,285.90947365074317
2025-07-01,EST002,9993.7,9864.494139123162,Holt-Winters,129.20586087683841,129.20586087683841
2025-08-01,EST002,7658.6,9309.697475284618,Holt-Winters,-1651.0974752846178,1651.0974752846178
2025-09-01,EST002,8984.6,9087.929765420777,Holt-Winters,-103.32976542077631,103.32976542077631
2025-10-01,EST002,7226.5,9105.733957609718,Holt-Winters,-1879.2339576097183,1879.2339576097183
2025-11-01,EST002,7602.1,8621.336732998418,Holt-Winters,-1019.2367329984172,1019.2367329984172
2025-12-01,EST002,7350.8,8411.177110997052,Holt-Winters,-1060.3771109970521,1060.3771109970521
2025-01-01,EST003,10105.6,10521.10520609537,Holt-Winters,-415.50520609536943,415.50520609536943
2025-02-01,EST003,10093.2,11014.437554892744,Holt-Winters,-921.237554892743,921.237554892743
2025-03-01,EST003,9797.6,11216.487859633022,Holt-Winters,-1418.8878596330214,1418.8878596330214
2025-04-01,EST003,11862.5,11570.591874282842,Holt-Winters,291.9081257171583,291.9081257171583
2025-05-01,EST003,10953.5,11068.086593155987,Holt-Winters,-114.58659315598743,114.58659315598743
2025-06-01,EST003,11070.1,12029.370659736562,Holt-Winters,-959.2706597365614,959.2706597365614
2025-07-01,EST003,10757.0,12677.801830512375,Holt-Winters,-1920.801830512375,1920.801830512375
2025-08-01,EST003,10478.0,11336.467888146244,Holt-Winters,-858.4678881462441,858.4678881462441
2025-09-01,EST003,10788.8,11433.410692877023,Holt-Winters,-644.6106928770241,644.6106928770241
2025-10-01,EST003,10036.1,10956.797586848745,Holt-Winters,-920.6975868487443,920.6975868487443
2025-11-01,EST003,9892.1,10546.215775229415,Holt-Winters,-654.1157752294148,654.1157752294148
2025-12-01,EST003,10478.7,10367.09195289538,Holt-Winters,111.60804710462071,111.60804710462071
2025-01-01,EST004,9740.3,10288.997276666802,Holt-Winters,-548.6972766668023,548.6972766668023
2025-02-01,EST004,9854.6,10294.137545705846,Holt-Winters,-439.53754570584533,439.53754570584533
2025-03-01,EST004,10893.2,11040.031715883075,Holt-Winters,-146.83171588307414,146.83171588307414
2025-04-01,EST004,11732.9,11821.414678821708,Holt-Winters,-88.514678821708,88.514678821708
2025-05-01,EST004,10975.4,12104.262121745458,Holt-Winters,-1128.8621217454584,1128.8621217454584
2025-06-01,EST004,13146.8,12048.593908834086,Holt-Winters,1098.2060911659137,1098.2060911659137
2025-07-01,EST004,10662.3,12286.621580629053,Holt-Winters,-1624.3215806290536,1624.3215806290536
2025-08-01,EST004,10017.7,10877.69539694803,Holt-Winters,-859.9953969480284,859.9953969480284
2025-09-01,EST004,11090.9,10901.280624241172,Holt-Winters,189.61937575882803,189.61937575882803
2025-10-01,EST004,10548.4,10828.705671504356,Holt-Winters,-280.3056715043567,280.3056715043567
2025-11-01,EST004,9449.5,10619.2519874019,Holt-Winters,-1169.7519874019,1169.7519874019
2025-12-01,EST004,10677.6,10264.331732905755,Holt-Winters,413.26826709424495,413.26826709424495
2025-01-01,EST005,11025.7,11244.532387231215,Holt-Winters,-218.83238723121394,218.83238723121394
2025-02-01,EST005,10944.6,11522.004928077582,Holt-Winters,-577.4049280775816,577.4049280775816
2025-03-01,EST005,11756.6,11957.361786061247,Holt-Winters,-200.7617860612463,200.7617860612463
2025-04-01,EST005,11774.8,13090.332622153646,Holt-Winters,-1315.532622153647,1315.532622153647
2025-05-01,EST005,10938.0,12709.055099466077,Holt-Winters,-1771.055099466077,1771.055099466077
2025-06-01,EST005,13354.1,12868.129813317117,Holt-Winters,485.97018668288365,485.97018668288365
2025-07-01,EST005,12998.4,12728.778800535567,Holt-Winters,269.6211994644327,269.6211994644327
2025-08-01,EST005,11597.8,12464.429361100945,Holt-Winters,-866.629361100946,866.629361100946
2025-09-01,EST005,14292.4,11883.143742091595,Holt-Winters,2409.256257908404,2409.256257908404
2025-10-01,EST005,13589.2,11775.86443598226,Holt-Winters,1813.3355640177415,1813.3355640177415
2025-11-01,EST005,12914.1,11721.916577537648,Holt-Winters,1192.1834224623526,1192.1834224623526
2025-12-01,EST005,11197.3,11814.87309214957,Holt-Winters,-617.5730921495706,617.5730921495706
2025-01-01,EST006,9262.9,9417.147781884636,Holt-Winters,-154.24778188463642,154.24778188463642
2025-02-01,EST006,9624.8,9460.312013366081,Holt-Winters,164.4879866339179,164.4879866339179
2025-03-01,EST006,10119.7,10347.712532054426,Holt-Winters,-228.0125320544248,228.0125320544248
2025-04-01,EST006,9586.6,11436.990392922955,Holt-Winters,-1850.3903929229546,1850.3903929229546
2025-05-01,EST006,10179.75,11724.26289315469,Holt-Winters,-1544.5128931546897,1544.5128931546897
2025-06-01,EST006,10772.9,11008.571492439374,Holt-Winters,-235.67149243937456,235.67149243937456
2025-07-01,EST006,9522.8,11393.606540829434,Holt-Winters,-1870.806540829435,1870.806540829435
2025-08-01,EST006,9037.5,11012.521790525609,Holt-Winters,-1975.0217905256086,1975.0217905256086
2025-09-01,EST006,10594.7,10673.243969165398,Holt-Winters,-78.54396916539736,78.54396916539736
2025-10-01,EST006,8615.0,9942.769753368551,Holt-Winters,-1327.7697533685514,1327.7697533685514
2025-11-01,EST006,9384.1,9295.302393618433,Holt-Winters,88.79760638156768,88.79760638156768
2025-12-01,EST006,8494.1,9348.045044499278,Holt-Winters,-853.9450444992781,853.9450444992781
2025-01-01,EST007,9566.4,9303.947429959206,Holt-Winters,262.45257004079394,262.45257004079394
2025-02-01,EST007,9362.6,10051.345961798306,Holt-Winters,-688.7459617983059,688.7459617983059
2025-03-01,EST007,11110.6,10643.5628467683,Holt-Winters,467.03715323170036,467.03715323170036
2025-04-01,EST007,9794.3,11072.355830852517,Holt-Winters,-1278.0558308525178,1278.0558308525178
2025-05-01,EST007,10712.7,10740.202487754541,Holt-Winters,-27.502487754540198,27.502487754540198
2025-06-01,EST007,12584.7,12310.992044301656,Holt-Winters,273.70795569834445,273.70795569834445
2025-07-01,EST007,11966.9,12284.805455284662,Holt-Winters,-317.9054552846628,317.9054552846628
2025-08-01,EST007,11695.2,11884.2292865932,Holt-Winters,-189.02928659319878,189.02928659319878
2025-09-01,EST007,11130.1,11265.7111759961,Holt-Winters,-135.61117599610043,135.61117599610043
2025-10-01,EST007,10091.7,10603.920560426373,Holt-Winters,-512.2205604263727,512.2205604263727
2025-11-01,EST007,9901.6,9370.784792475428,Holt-Winters,530.8152075245725,530.8152075245725
2025-12-01,EST007,9021.2,9279.741662910963,Holt-Winters,-258.54166291096226,258.54166291096226
2025-01-01,EST008,8916.4,8433.843820731401,Holt-Winters,482.5561792685985,482.5561792685985
2025-02-01,EST008,8942.5,8792.593878501915,Holt-Winters,149.90612149808476,149.90612149808476
2025-03-01,EST008,9568.8,8829.937306651893,Holt-Winters,738.8626933481064,738.8626933481064
2025-04-01,EST008,8929.1,9937.869310289185,Holt-Winters,-1008.7693102891844,1008.7693102891844
2025-05-01,EST008,10269.0,9745.676198950596,Holt-Winters,523.3238010494042,523.3238010494042
2025-06-01,EST008,10631.55,9720.157791663338,Holt-Winters,911.3922083366615,911.3922083366615
2025-07-01,EST008,10994.1,10138.436798613198,Holt-Winters,855.663201386802,855.663201386802
2025-08-01,EST008,10501.3,10127.12548834069,Holt-Winters,374.17451165931016,374.17451165931016
2025-09-01,EST008,7989.1,10359.066240218894,Holt-Winters,-2369.9662402188933,2369.9662402188933
2025-10-01,EST008,9819.6,9237.559448923588,Holt-Winters,582.0405510764122,582.0405510764122
2025-11-01,EST008,8748.2,8981.19856459372,Holt-Winters,-232.9985645937195,232.9985645937195
2025-12-01,EST008,8931.6,8329.42835122261,Holt-Winters,602.1716487773901,602.1716487773901
2025-01-01,EST009,8171.3,7333.872005619697,Holt-Winters,837.4279943803031,837.4279943803031
2025-02-01,EST009,6801.4,7497.159103188549,Holt-Winters,-695.7591031885495,695.7591031885495
2025-03-01,EST009,8301.5,8181.085057225571,Holt-Winters,120.41494277442871,120.41494277442871
2025-04-01,EST009,7271.3,7812.22200044228,Holt-Winters,-540.9220004422796,540.9220004422796
2025-05-01,EST009,7680.6,7355.2666301732625,Holt-Winters,325.3333698267379,325.3333698267379
2025-06-01,EST009,8059.3,8216.152950717045,Holt-Winters,-156.85295071704513,156.85295071704513
2025-07-01,EST009,7311.7,8123.201400275421,Holt-Winters,-811.5014002754215,811.5014002754215
2025-08-01,EST009,7069.7,8562.909536359704,Holt-Winters,-1493.2095363597045,1493.2095363597045
2025-09-01,EST009,7594.3,7055.148549536056,Holt-Winters,539.1514504639445,539.1514504639445
2025-10-01,EST009,7295.2,7750.670802715219,Holt-Winters,-455.4708027152192,455.4708027152192
2025-11-01,EST009,7669.9,7848.21980455959,Holt-Winters,-178.31980455959,178.31980455959
2025-12-01,EST009,6348.8,7306.842156412501,Holt-Winters,-958.0421564125008,958.0421564125008
2025-01-01,EST010,8536.4,10466.354471553499,Holt-Winters,-1929.9544715534994,1929.9544715534994
2025-02-01,EST010,9164.3,9979.859229734251,Holt-Winters,-815.5592297342519,815.5592297342519
2025-03-01,EST010,9281.6,10966.778422182262,Holt-Winters,-1685.1784221822618,1685.1784221822618
2025-04-01,EST010,9607.2,10965.61437410224,Holt-Winters,-1358.41437410224,1358.41437410224
2025-05-01,EST010,9465.6,10706.938680669147,Holt-Winters,-1241.338680669147,1241.338680669147
2025-06-01,EST010,8945.7,11123.844580239887,Holt-Winters,-2178.1445802398866,2178.1445802398866
2025-07-01,EST010,9752.8,11095.384531503745,Holt-Winters,-1342.584531503746,1342.584531503746
2025-08-01,EST010,9326.8,10232.392555895449,Holt-Winters,-905.5925558954496,905.5925558954496
2025-09-01,EST010,9624.3,10810.84107434808,Holt-Winters,-1186.5410743480807,1186.5410743480807
2025-10-01,EST010,8785.7,10543.189369239804,Holt-Winters,-1757.4893692398036,1757.4893692398036
2025-11-01,EST010,8879.5,10515.948154486607,Holt-Winters,-1636.4481544866067,1636.4481544866067
2025-12-01,EST010,8554.7,10083.71701023597,Holt-Winters,-1529.0170102359698,1529.0170102359698
2025-01-01,EST001,8385.6,-51037.97607663032,SARIMA,59423.57607663032,59423.57607663032
2025-02-01,EST001,9219.1,-85734.73926628358,SARIMA,94953.83926628358,94953.83926628358
2025-03-01,EST001,8661.8,-106667.65119603288,SARIMA,115329.45119603288,115329.45119603288
2025-04-01,EST001,10508.3,-119624.65994719393,SARIMA,130132.95994719393,130132.95994719393
2025-05-01,EST001,10733.9,-126722.31861332663,SARIMA,137456.21861332664,137456.21861332664
2025-06-01,EST001,7719.9,-131035.6706266471,SARIMA,138755.5706266471,138755.5706266471
2025-07-01,EST001,9791.0,-133104.55025514905,SARIMA,142895.55025514905,142895.55025514905
2025-08-01,EST001,10124.1,-136680.62087466774,SARIMA,146804.72087466775,146804.72087466775
2025-09-01,EST001,10449.1,-136943.8293771318,SARIMA,147392.9293771318,147392.9293771318
2025-10-01,EST001,9599.1,-137634.52803557593,SARIMA,147233.62803557594,147233.62803557594
2025-11-01,EST001,8497.5,-138996.83042195032,SARIMA,147494.33042195032,147494.33042195032
2025-12-01,EST001,8566.4,-139382.89298459006,SARIMA,147949.29298459005,147949.29298459005
2025-01-01,EST002,8203.5,8490.674997358345,SARIMA,-287.1749973583446,287.1749973583446
2025-02-01,EST002,8135.0,8499.058910450483,SARIMA,-364.0589104504834,364.0589104504834
2025-03-01,EST002,9223.9,9178.294091999212,SARIMA,45.60590800078717,45.60590800078717
2025-04-01,EST002,9101.6,9030.808399500085,SARIMA,70.79160049991515,70.79160049991515
2025-05-01,EST002,8088.5,9000.58360338828,SARIMA,-912.0836033882806,912.0836033882806
2025-06-01,EST002,9041.1,8905.784271127226,SARIMA,135.31572887277434,135.31572887277434
2025-07-01,EST002,9993.7,10702.204457720896,SARIMA,-708.5044577208955,708.5044577208955
2025-08-01,EST002,7658.6,9426.432366298142,SARIMA,-1767.832366298142,1767.832366298142
2025-09-01,EST002,8984.6,9042.586652165131,SARIMA,-57.98665216513109,57.98665216513109
2025-10-01,EST002,7226.5,9092.629522440488,SARIMA,-1866.1295224404876,1866.1295224404876
2025-11-01,EST002,7602.1,8539.710222462176,SARIMA,-937.6102224621754,937.6102224621754
2025-12-01,EST002,7350.8,8026.196272907626,SARIMA,-675.3962729076256,675.3962729076256
2025-01-01,EST003,10105.6,10782.38641321498,SARIMA,-676.7864132149789,676.7864132149789
2025-02-01,EST003,10093.2,10207.953112885116,SARIMA,-114.75311288511512,114.75311288511512
2025-03-01,EST003,9797.6,11383.546506036502,SARIMA,-1585.946506036502,1585.946506036502
2025-04-01,EST003,11862.5,12681.796245324227,SARIMA,-819.2962453242271,819.2962453242271
2025-05-01,EST003,10953.5,12293.643944639885,SARIMA,-1340.1439446398854,1340.1439446398854
2025-06-01,EST003,11070.1,11072.710863876104,SARIMA,-2.6108638761033944,2.6108638761033944
2025-07-01,EST003,10757.0,12978.523449913837,SARIMA,-2221.523449913837,2221.523449913837
2025-08-01,EST003,10478.0,11202.562771406214,SARIMA,-724.5627714062139,724.5627714062139
2025-09-01,EST003,10788.8,11033.805576857012,SARIMA,-245.00557685701278,245.00557685701278
2025-10-01,EST003,10036.1,10413.759238767212,SARIMA,-377.6592387672117,377.6592387672117
2025-11-01,EST003,9892.1,10730.544823948016,SARIMA,-838.4448239480153,838.4448239480153
2025-12-01,EST003,10478.7,10644.652703801257,SARIMA,-165.95270380125658,165.95270380125658
2025-01-01,EST004,9740.3,9033.856252902237,SARIMA,706.4437470977628,706.4437470977628
2025-02-01,EST004,9854.6,9959.939634854522,SARIMA,-105.33963485452114,105.33963485452114
2025-03-01,EST004,10893.2,10708.021821778195,SARIMA,185.17817822180587,185.17817822180587
2025-04-01,EST004,11732.9,11675.358706187937,SARIMA,57.54129381206258,57.54129381206258
2025-05-01,EST004,10975.4,11531.194665051746,SARIMA,-555.794665051746,555.794665051746
2025-06-01,EST004,13146.8,11942.071283557032,SARIMA,1204.7287164429672,1204.7287164429672
2025-07-01,EST004,10662.3,11717.925575643183,SARIMA,-1055.6255756431838,1055.6255756431838
2025-08-01,EST004,10017.7,10412.92573648172,SARIMA,-395.22573648171965,395.22573648171965
2025-09-01,EST004,11090.9,10736.848317550066,SARIMA,354.05168244993365,354.05168244993365
2025-10-01,EST004,10548.4,10451.015519632465,SARIMA,97.3844803675347,97.3844803675347
2025-11-01,EST004,9449.5,10224.806907051208,SARIMA,-775.3069070512083,775.3069070512083
2025-12-01,EST004,10677.6,9784.9500688841,SARIMA,892.6499311159005,892.6499311159005
2025-01-01,EST005,11025.7,11301.645199789422,SARIMA,-275.94519978942117,275.94519978942117
2025-02-01,EST005,10944.6,11930.171509281801,SARIMA,-985.5715092818009,985.5715092818009
2025-03-01,EST005,11756.6,11550.886404094505,SARIMA,205.71359590549582,205.71359590549582
2025-04-01,EST005,11774.8,12787.803832442347,SARIMA,-1013.0038324423476,1013.0038324423476
2025-05-01,EST005,10938.0,12447.521532497014,SARIMA,-1509.521532497014,1509.521532497014
2025-06-01,EST005,13354.1,12272.563022675175,SARIMA,1081.5369773248258,1081.5369773248258
2025-07-01,EST005,12998.4,11834.905435945398,SARIMA,1163.4945640546011,1163.4945640546011
2025-08-01,EST005,11597.8,13217.73994353082,SARIMA,-1619.9399435308205,1619.9399435308205
2025-09-01,EST005,14292.4,11190.976496749256,SARIMA,3101.423503250744,3101.423503250744
2025-10-01,EST005,13589.2,11902.84414582241,SARIMA,1686.355854177591,1686.355854177591
2025-11-01,EST005,12914.1,11183.013521678145,SARIMA,1731.0864783218549,1731.0864783218549
2025-12-01,EST005,11197.3,11596.67084868952,SARIMA,-399.37084868952115,399.37084868952115
2025-01-01,EST006,9262.9,9160.245158797281,SARIMA,102.65484120271867,102.65484120271867
2025-02-01,EST006,9624.8,9505.064792285977,SARIMA,119.73520771402218,119.73520771402218
2025-03-01,EST006,10119.7,10480.99560546865,SARIMA,-361.2956054686492,361.2956054686492
2025-04-01,EST006,9586.6,11629.95880653528,SARIMA,-2043.3588065352797,2043.3588065352797
2025-05-01,EST006,10179.75,12788.196722395154,SARIMA,-2608.446722395154,2608.446722395154
2025-06-01,EST006,10772.9,11536.286550874629,SARIMA,-763.3865508746294,763.3865508746294
2025-07-01,EST006,9522.8,11753.257279534506,SARIMA,-2230.4572795345066,2230.4572795345066
2025-08-01,EST006,9037.5,11603.126425058032,SARIMA,-2565.6264250580316,2565.6264250580316
2025-09-01,EST006,10594.7,11668.890425504656,SARIMA,-1074.1904255046557,1074.1904255046557
2025-10-01,EST006,8615.0,10407.631735893054,SARIMA,-1792.6317358930537,1792.6317358930537
2025-11-01,EST006,9384.1,7956.024889002171,SARIMA,1428.0751109978291,1428.0751109978291
2025-12-01,EST006,8494.1,9695.668679852699,SARIMA,-1201.5686798526986,1201.5686798526986
2025-01-01,EST007,9566.4,10111.595592182874,SARIMA,-545.195592182874,545.195592182874
2025-02-01,EST007,9362.6,10687.863825536722,SARIMA,-1325.263825536722,1325.263825536722
2025-03-01,EST007,11110.6,12078.88894433554,SARIMA,-968.2889443355398,968.2889443355398
2025-04-01,EST007,9794.3,11044.10235841205,SARIMA,-1249.802358412051,1249.802358412051
2025-05-01,EST007,10712.7,11899.498815706418,SARIMA,-1186.7988157064174,1186.7988157064174
2025-06-01,EST007,12584.7,13737.877878918061,SARIMA,-1153.1778789180607,1153.1778789180607
2025-07-01,EST007,11966.9,12704.02926054886,SARIMA,-737.1292605488597,737.1292605488597
2025-08-01,EST007,11695.2,12420.451502132742,SARIMA,-725.2515021327417,725.2515021327417
2025-09-01,EST007,11130.1,12198.81298570789,SARIMA,-1068.712985707889,1068.712985707889
2025-10-01,EST007,10091.7,10694.592375656006,SARIMA,-602.8923756560052,602.8923756560052
2025-11-01,EST007,9901.6,9525.792092129803,SARIMA,375.8079078701976,375.8079078701976
2025-12-01,EST007,9021.2,10078.942597441293,SARIMA,-1057.7425974412927,1057.7425974412927
2025-01-01,EST008,8916.4,8909.673527310264,SARIMA,6.726472689735601,6.726472689735601
2025-02-01,EST008,8942.5,8768.000009741741,SARIMA,174.49999025825855,174.49999025825855
2025-03-01,EST008,9568.8,8904.115260563178,SARIMA,664.6847394368215,664.6847394368215
2025-04-01,EST008,8929.1,10772.395562895243,SARIMA,-1843.2955628952423,1843.2955628952423
2025-05-01,EST008,10269.0,10543.455232325781,SARIMA,-274.45523232578125,274.45523232578125
2025-06-01,EST008,10631.55,9867.501823017677,SARIMA,764.0481769823218,764.0481769823218
2025-07-01,EST008,10994.1,11082.849873038276,SARIMA,-88.74987303827584,88.74987303827584
2025-08-01,EST008,10501.3,11252.63293225925,SARIMA,-751.3329322592508,751.3329322592508
2025-09-01,EST008,7989.1,11297.079560462531,SARIMA,-3307.9795604625306,3307.9795604625306
2025-10-01,EST008,9819.6,10443.185382291178,SARIMA,-623.5853822911777,623.5853822911777
2025-11-01,EST008,8748.2,9135.001077820642,SARIMA,-386.8010778206408,386.8010778206408
2025-12-01,EST008,8931.6,9390.961228089847,SARIMA,-459.3612280898469,459.3612280898469
2025-01-01,EST009,8171.3,6714.401066352722,SARIMA,1456.8989336472778,1456.8989336472778
2025-02-01,EST009,6801.4,6850.177364569002,SARIMA,-48.7773645690022,48.7773645690022
2025-03-01,EST009,8301.5,7564.997866391971,SARIMA,736.502133608029,736.502133608029
2025-04-01,EST009,7271.3,8466.525509164536,SARIMA,-1195.2255091645357,1195.2255091645357
2025-05-01,EST009,7680.6,6418.326068860233,SARIMA,1262.2739311397672,1262.2739311397672
2025-06-01,EST009,8059.3,7953.935250288778,SARIMA,105.36474971122243,105.36474971122243
2025-07-01,EST009,7311.7,7991.442813412179,SARIMA,-679.7428134121792,679.7428134121792
2025-08-01,EST009,7069.7,8563.265384129389,SARIMA,-1493.5653841293888,1493.5653841293888
2025-09-01,EST009,7594.3,6840.469055511447,SARIMA,753.8309444885535,753.8309444885535
2025-10-01,EST009,7295.2,6458.694347889367,SARIMA,836.5056521106326,836.5056521106326
2025-11-01,EST009,7669.9,7803.463313514392,SARIMA,-133.56331351439258,133.56331351439258
2025-12-01,EST009,6348.8,6497.514993500775,SARIMA,-148.71499350077465,148.71499350077465
2025-01-01,EST010,8536.4,9759.61215145947,SARIMA,-1223.212151459471,1223.212151459471
2025-02-01,EST010,9164.3,9926.686461777846,SARIMA,-762.3864617778472,762.3864617778472
2025-03-01,EST010,9281.6,11111.322662044406,SARIMA,-1829.7226620444053,1829.7226620444053
2025-04-01,EST010,9607.2,9766.72599523374,SARIMA,-159.5259952337401,159.5259952337401
2025-05-01,EST010,9465.6,10373.033494954323,SARIMA,-907.4334949543227,907.4334949543227
2025-06-01,EST010,8945.7,10045.390035879125,SARIMA,-1099.6900358791245,1099.6900358791245
2025-07-01,EST010,9752.8,10738.700924870956,SARIMA,-985.9009248709572,985.9009248709572
2025-08-01,EST010,9326.8,9357.370242888688,SARIMA,-30.57024288868888,30.57024288868888
2025-09-01,EST010,9624.3,11006.547593355908,SARIMA,-1382.247593355909,1382.247593355909
2025-10-01,EST010,8785.7,10309.838201856392,SARIMA,-1524.1382018563909,1524.1382018563909
2025-11-01,EST010,8879.5,10093.397893872894,SARIMA,-1213.8978938728942,1213.8978938728942
2025-12-01,EST010,8554.7,9930.827080678613,SARIMA,-1376.1270806786124,1376.1270806786124
2025-01-01,EST001,8385.6,8511.103005026456,Random Forest,-125.50300502645587,125.50300502645587
2025-02-01,EST001,9219.1,9295.41636265771,Random Forest,-76.31636265770976,76.31636265770976
2025-03-01,EST001,8661.8,8733.641643917195,Random Forest,-71.84164391719605,71.84164391719605
2025-04-01,EST001,10508.3,10290.192225516155,Random Forest,218.10777448384397,218.10777448384397
2025-05-01,EST001,10733.9,10741.913550986055,Random Forest,-8.013550986055634,8.013550986055634
2025-06-01,EST001,7719.9,9010.199717571313,Random Forest,-1290.2997175713135,1290.2997175713135
2025-07-01,EST001,9791.0,10080.444096993744,Random Forest,-289.4440969937441,289.4440969937441
2025-08-01,EST001,10124.1,10212.086873968623,Random Forest,-87.9868739686226,87.9868739686226
2025-09-01,EST001,10449.1,10447.380096729199,Random Forest,1.7199032708012965,1.7199032708012965
2025-10-01,EST001,9599.1,9514.896718496322,Random Forest,84.20328150367823,84.20328150367823
2025-11-01,EST001,8497.5,8552.965915997895,Random Forest,-55.465915997894626,55.465915997894626
2025-12-01,EST001,8566.4,8813.087215452148,Random Forest,-246.68721545214794,246.68721545214794
2025-01-01,EST002,8203.5,8165.294730895958,Random Forest,38.20526910404169,38.20526910404169
2025-02-01,EST002,8135.0,8194.47736523939,Random Forest,-59.477365239390565,59.477365239390565
2025-03-01,EST002,9223.9,9208.02681796537,Random Forest,15.87318203462928,15.87318203462928
2025-04-01,EST002,9101.6,9156.996968885285,Random Forest,-55.39696888528488,55.39696888528488
2025-05-01,EST002,8088.5,8263.42960327265,Random Forest,-174.92960327265064,174.92960327265064
2025-06-01,EST002,9041.1,9331.062684968734,Random Forest,-289.9626849687338,289.9626849687338
2025-07-01,EST002,9993.7,9944.108368983794,Random Forest,49.59163101620652,49.59163101620652
2025-08-01,EST002,7658.6,8288.042196395269,Random Forest,-629.4421963952682,629.4421963952682
2025-09-01,EST002,8984.6,9006.415084644059,Random Forest,-21.815084644058516,21.815084644058516
2025-10-01,EST002,7226.5,7515.140642489915,Random Forest,-288.6406424899151,288.6406424899151
2025-11-01,EST002,7602.1,7821.778995803265,Random Forest,-219.67899580326502,219.67899580326502
2025-12-01,EST002,7350.8,7486.331060767007,Random Forest,-135.53106076700715,135.53106076700715
2025-01-01,EST003,10105.6,10038.165300727975,Random Forest,67.43469927202568,67.43469927202568
2025-02-01,EST003,10093.2,10161.852202784257,Random Forest,-68.65220278425659,68.65220278425659
2025-03-01,EST003,9797.6,9883.907496432264,Random Forest,-86.30749643226409,86.30749643226409
2025-04-01,EST003,11862.5,11954.20048755412,Random Forest,-91.70048755412063,91.70048755412063
2025-05-01,EST003,10953.5,11028.605129193493,Random Forest,-75.10512919349276,75.10512919349276
2025-06-01,EST003,11070.1,11286.242176328762,Random Forest,-216.1421763287617,216.1421763287617
2025-07-01,EST003,10757.0,10757.405920721876,Random Forest,-0.4059207218761003,0.4059207218761003
2025-08-01,EST003,10478.0,10596.933004394683,Random Forest,-118.93300439468294,118.93300439468294
2025-09-01,EST003,10788.8,10789.42562547498,Random Forest,-0.6256254749805521,0.6256254749805521
2025-10-01,EST003,10036.1,9820.780372077928,Random Forest,215.31962792207196,215.31962792207196
2025-11-01,EST003,9892.1,9845.074821942866,Random Forest,47.025178057134326,47.025178057134326
2025-12-01,EST003,10478.7,10533.923317700815,Random Forest,-55.22331770081473,55.22331770081473
2025-01-01,EST004,9740.3,9843.059762349681,Random Forest,-102.7597623496822,102.7597623496822
2025-02-01,EST004,9854.6,9919.55420078162,Random Forest,-64.95420078161987,64.95420078161987
2025-03-01,EST004,10893.2,10971.577286902912,Random Forest,-78.37728690291078,78.37728690291078
2025-04-01,EST004,11732.9,11670.020227568732,Random Forest,62.879772431268066,62.879772431268066
2025-05-01,EST004,10975.4,11153.409677946129,Random Forest,-178.00967794612916,178.00967794612916
2025-06-01,EST004,13146.8,12555.944717103264,Random Forest,590.8552828967349,590.8552828967349
2025-07-01,EST004,10662.3,10610.676415512266,Random Forest,51.62358448773375,51.62358448773375
2025-08-01,EST004,10017.7,10008.590040712532,Random Forest,9.109959287468882,9.109959287468882
2025-09-01,EST004,11090.9,11168.024117310006,Random Forest,-77.12411731000611,77.12411731000611
2025-10-01,EST004,10548.4,10670.333940850816,Random Forest,-121.93394085081673,121.93394085081673
2025-11-01,EST004,9449.5,9574.544813409746,Random Forest,-125.04481340974598,125.04481340974598
2025-12-01,EST004,10677.6,10485.853043801113,Random Forest,191.74695619888735,191.74695619888735
2025-01-01,EST005,11025.7,11122.943164924889,Random Forest,-97.24316492488833,97.24316492488833
2025-02-01,EST005,10944.6,10922.914031075412,Random Forest,21.68596892458845,21.68596892458845
2025-03-01,EST005,11756.6,11866.204149152243,Random Forest,-109.60414915224283,109.60414915224283
2025-04-01,EST005,11774.8,11594.54017120611,Random Forest,180.25982879388903,180.25982879388903
2025-05-01,EST005,10938.0,11264.170674642946,Random Forest,-326.1706746429463,326.1706746429463
2025-06-01,EST005,13354.1,12882.678658543771,Random Forest,471.42134145622913,471.42134145622913
2025-07-01,EST005,12998.4,12504.9944654207,Random Forest,493.40553457930037,493.40553457930037
2025-08-01,EST005,11597.8,11470.4408404822,Random Forest,127.35915951779862,127.35915951779862
2025-09-01,EST005,14292.4,13236.272896398506,Random Forest,1056.1271036014932,1056.1271036014932
2025-10-01,EST005,13589.2,12665.358714763945,Random Forest,923.8412852360561,923.8412852360561
2025-11-01,EST005,12914.1,12566.9317174261,Random Forest,347.1682825739008,347.1682825739008
2025-12-01,EST005,11197.3,11147.6488600395,Random Forest,49.65113996049877,49.65113996049877
2025-01-01,EST006,9262.9,9634.02095804473,Random Forest,-371.1209580447303,371.1209580447303
2025-02-01,EST006,9624.8,9689.18835039682,Random Forest,-64.3883503968209,64.3883503968209
2025-03-01,EST006,10119.7,10034.983504335474,Random Forest,84.71649566452652,84.71649566452652
2025-04-01,EST006,9586.6,9607.793303954386,Random Forest,-21.193303954385556,21.193303954385556
2025-05-01,EST006,10179.75,10291.634812549482,Random Forest,-111.88481254948238,111.88481254948238
2025-06-01,EST006,10772.9,10901.568790680618,Random Forest,-128.66879068061826,128.66879068061826
2025-07-01,EST006,9522.8,9560.967148414553,Random Forest,-38.167148414553594,38.167148414553594
2025-08-01,EST006,9037.5,8952.388198581044,Random Forest,85.11180141895602,85.11180141895602
2025-09-01,EST006,10594.7,10424.34368227976,Random Forest,170.35631772024135,170.35631772024135
2025-10-01,EST006,8615.0,8594.907480472768,Random Forest,20.09251952723207,20.09251952723207
2025-11-01,EST006,9384.1,9459.388041576474,Random Forest,-75.28804157647392,75.28804157647392
2025-12-01,EST006,8494.1,8585.899424518073,Random Forest,-91.79942451807256,91.79942451807256
2025-01-01,EST007,9566.4,9545.954109899356,Random Forest,20.445890100643737,20.445890100643737
2025-02-01,EST007,9362.6,9271.127970614567,Random Forest,91.47202938543342,91.47202938543342
2025-03-01,EST007,11110.6,10979.682753108933,Random Forest,130.9172468910674,130.9172468910674
2025-04-01,EST007,9794.3,9923.331948227698,Random Forest,-129.0319482276991,129.0319482276991
2025-05-01,EST007,10712.7,10907.651798853,Random Forest,-194.95179885299876,194.95179885299876
2025-06-01,EST007,12584.7,12094.72018220067,Random Forest,489.9798177993307,489.9798177993307
2025-07-01,EST007,11966.9,11807.874881352904,Random Forest,159.02511864709595,159.02511864709595
2025-08-01,EST007,11695.2,11633.328367724882,Random Forest,61.87163227511883,61.87163227511883
2025-09-01,EST007,11130.1,11194.895832155342,Random Forest,-64.79583215534149,64.79583215534149
2025-10-01,EST007,10091.7,10263.812559065016,Random Forest,-172.11255906501538,172.11255906501538
2025-11-01,EST007,9901.6,9870.739807666403,Random Forest,30.860192333597297,30.860192333597297
2025-12-01,EST007,9021.2,9213.538187691016,Random Forest,-192.33818769101526,192.33818769101526
2025-01-01,EST008,8916.4,9005.623941040443,Random Forest,-89.2239410404436,89.2239410404436
2025-02-01,EST008,8942.5,9035.135556421363,Random Forest,-92.63555642136271,92.63555642136271
2025-03-01,EST008,9568.8,9605.244993115213,Random Forest,-36.44499311521395,36.44499311521395
2025-04-01,EST008,8929.1,8963.359128156108,Random Forest,-34.25912815610718,34.25912815610718
2025-05-01,EST008,10269.0,10236.357908867058,Random Forest,32.64209113294237,32.64209113294237
2025-06-01,EST008,10631.55,10576.703253468755,Random Forest,54.84674653124421,54.84674653124421
2025-07-01,EST008,10994.1,10873.450967809042,Random Forest,120.64903219095868,120.64903219095868
2025-08-01,EST008,10501.3,10126.947474681794,Random Forest,374.35252531820515,374.35252531820515
2025-09-01,EST008,7989.1,8586.473726879136,Random Forest,-597.3737268791356,597.3737268791356
2025-10-01,EST008,9819.6,9891.114296170032,Random Forest,-71.51429617003123,71.51429617003123
2025-11-01,EST008,8748.2,8916.059807322301,Random Forest,-167.85980732230018,167.85980732230018
2025-12-01,EST008,8931.6,9073.859318350173,Random Forest,-142.25931835017218,142.25931835017218
2025-01-01,EST009,8171.3,8040.77893197451,Random Forest,130.52106802549042,130.52106802549042
2025-02-01,EST009,6801.4,6811.991431382508,Random Forest,-10.591431382508745,10.591431382508745
2025-03-01,EST009,8301.5,8035.938765596436,Random Forest,265.5612344035644,265.5612344035644
2025-04-01,EST009,7271.3,6998.462620995675,Random Forest,272.83737900432516,272.83737900432516
2025-05-01,EST009,7680.6,7768.114479543607,Random Forest,-87.51447954360629,87.51447954360629
2025-06-01,EST009,8059.3,7986.679814198762,Random Forest,72.62018580123822,72.62018580123822
2025-07-01,EST009,7311.7,7132.233034076108,Random Forest,179.46696592389162,179.46696592389162
2025-08-01,EST009,7069.7,7065.331042027415,Random Forest,4.368957972585122,4.368957972585122
2025-09-01,EST009,7594.3,7553.933187375587,Random Forest,40.36681262441289,40.36681262441289
2025-10-01,EST009,7295.2,7252.7498180254925,Random Forest,42.45018197450736,42.45018197450736
2025-11-01,EST009,7669.9,7680.224518808033,Random Forest,-10.324518808033645,10.324518808033645
2025-12-01,EST009,6348.8,6598.77130834536,Random Forest,-249.97130834535983,249.97130834535983
2025-01-01,EST010,8536.4,8782.340405076404,Random Forest,-245.9404050764042,245.9404050764042
2025-02-01,EST010,9164.3,9493.146907020757,Random Forest,-328.8469070207575,328.8469070207575
2025-03-01,EST010,9281.6,9593.391362181335,Random Forest,-311.791362181335,311.791362181335
2025-04-01,EST010,9607.2,9853.178470208033,Random Forest,-245.97847020803238,245.97847020803238
2025-05-01,EST010,9465.6,9426.749152928089,Random Forest,38.85084707191163,38.85084707191163
2025-06-01,EST010,8945.7,9003.806841438194,Random Forest,-58.10684143819344,58.10684143819344
2025-07-01,EST010,9752.8,9754.990640221824,Random Forest,-2.1906402218246512,2.1906402218246512
2025-08-01,EST010,9326.8,9292.656315091388,Random Forest,34.14368490861125,34.14368490861125
2025-09-01,EST010,9624.3,9821.812669215971,Random Forest,-197.51266921597198,197.51266921597198
2025-10-01,EST010,8785.7,8779.423355555555,Random Forest,6.276644444445992,6.276644444445992
2025-11-01,EST010,8879.5,9032.53145977634,Random Forest,-153.03145977634085,153.03145977634085
2025-12-01,EST010,8554.7,8593.493286748446,Random Forest,-38.7932867484451,38.7932867484451
