date,estate_id,tbs_production_ton,cpo_production_ton,kernel_production_ton,tbs_outlier_flag,cpo_extraction_rate,kernel_extraction_rate
2019-01-01,EST001,8132.4,1600.4,487.9,False,0.1967930746151198,0.05999458954306232
2019-02-01,EST001,8492.3,1805.1,443.2,False,0.21255725775113926,0.05218845306925097
2019-03-01,EST001,8186.5,1597.9,413.1,False,0.19518719843645027,0.050461125022903563
2019-04-01,EST001,7936.4,1398.5,415.7,False,0.17621339650219245,0.052378912353208004
2019-05-01,EST001,8551.4,1856.5,513.1,False,0.21709895455714856,0.060001871038660344
2019-06-01,EST001,8701.2,1631.0,391.8,False,0.1874454098285294,0.04502827196248793
2019-07-01,EST001,9134.3,1818.8,405.5,False,0.19911761163964398,0.044393111677961096
2019-08-01,EST001,7770.7,1606.2,359.2,False,0.20669952513930534,0.0462249218217149
2019-09-01,EST001,8254.1,1675.5,414.0,False,0.2029900291976109,0.0501568917265359
2019-10-01,EST001,7933.2,1716.8,328.2,False,0.21640699843694852,0.04137044320072606
2019-11-01,EST001,7918.2,1640.5,396.8,False,0.20718092495769241,0.050112399282665254
2019-12-01,EST001,8680.5,1624.0,507.5,False,0.18708599735038303,0.0584643741719947
2020-01-01,EST001,8318.1,1913.2,422.2,False,0.2300044481311838,0.050756783400055294
2020-02-01,EST001,8454.1,1715.5,410.3,False,0.20291929359718952,0.04853266462426515
2020-03-01,EST001,9736.5,1925.8,456.7,False,0.19779181430698917,0.04690597237200226
2020-04-01,EST001,10093.7,2164.7,550.0,False,0.21446050506751732,0.05448943400338825
2020-05-01,EST001,8729.5,1778.6,400.4,False,0.20374591901025257,0.045867460908413996
2020-06-01,EST001,10255.2,2112.5,607.4,False,0.2059930571807473,0.059228488961697474
2020-07-01,EST001,8863.0,2038.5,528.8,False,0.23000112828613337,0.0596637707322577
2020-08-01,EST001,9673.1,1739.3,455.4,False,0.17980792093537748,0.04707901293277232
2020-09-01,EST001,10483.2,2046.7,523.6,False,0.19523618742368742,0.04994658119658119
2020-10-01,EST001,8337.2,1682.0,459.8,False,0.2017463896751907,0.055150410209662715
2020-11-01,EST001,9177.9,1983.1,509.1,False,0.2160733936957256,0.055470205602588835
2020-12-01,EST001,9028.6,1601.7,415.0,False,0.1774029196110139,0.04596504441441641
2021-01-01,EST001,8488.8,1447.5,402.1,False,0.1705188012439921,0.0473682970502309
2021-02-01,EST001,9870.8,1887.2,428.3,False,0.19119017708797667,0.043390606637759864
2021-03-01,EST001,9249.2,1623.2,481.4,False,0.17549625913592526,0.05204774466980928
2021-04-01,EST001,10205.9,1976.1,544.3,False,0.19362329632859424,0.05333189625608716
2021-05-01,EST001,10662.4,2212.8,461.2,False,0.20753301320528214,0.043254801920768304
2021-06-01,EST001,9147.5,1707.3,436.6,False,0.18664115878655368,0.047728887674227935
2021-07-01,EST001,8785.1,1569.0,380.1,False,0.17859785318323068,0.043266439767333326
2021-08-01,EST001,10264.4,2063.6,467.1,False,0.2010443864229765,0.045506800202642146
2021-09-01,EST001,10339.8,2201.7,545.5,False,0.21293448616027388,0.05275730671773149
2021-10-01,EST001,8735.4,1525.0,404.7,False,0.17457700849417315,0.046328731368912704
2021-11-01,EST001,8831.0,1874.9,428.3,False,0.2123089117880195,0.04849960366889367
2021-12-01,EST001,9112.9,1934.3,381.5,False,0.2122595441626705,0.041863731633179344
2022-01-01,EST001,8974.3,1923.3,457.1,False,0.21431197976443847,0.05093433471134239
2022-02-01,EST001,9079.7,1981.9,452.0,False,0.21827813694285053,0.049781380442085084
2022-03-01,EST001,9624.1,2213.5,446.1,False,0.2299955320497501,0.0463523861971509
2022-04-01,EST001,9191.4,1789.2,450.9,False,0.19466022586330703,0.04905672694040081
2022-05-01,EST001,11319.1,2282.4,576.2,False,0.20164147326200846,0.05090510729651651
2022-06-01,EST001,11203.2,2170.7,514.5,False,0.19375714081690942,0.04592437874892887
2022-07-01,EST001,9984.0,1997.1,425.5,False,0.20003004807692307,0.042618189102564104
2022-08-01,EST001,8728.4,1946.4,515.2,False,0.22299619632464143,0.05902570917923102
2022-09-01,EST001,8174.2,1469.9,382.8,False,0.17982187859362386,0.04683027085219349
2022-10-01,EST001,9770.4,1827.9,483.8,False,0.18708548268238764,0.04951690821256039
2022-11-01,EST001,9039.0,1994.5,497.6,False,0.22065493970571967,0.055050337426706494
2022-12-01,EST001,7383.2,1589.6,443.0,False,0.21529959908982554,0.06000108354101203
2023-01-01,EST001,7937.2,1544.2,347.5,False,0.19455223504510408,0.04378118228090511
2023-02-01,EST001,9883.5,2103.4,516.4,False,0.21281934537360248,0.05224869732382253
2023-03-01,EST001,10373.2,2127.7,482.0,False,0.20511510430725327,0.04646589287780048
2023-04-01,EST001,10081.6,2243.2,476.9,False,0.22250436438660529,0.04730399936518013
2023-05-01,EST001,10261.8,2063.8,476.1,False,0.20111481416515625,0.04639536923346782
2023-06-01,EST001,10223.3,2201.9,453.6,False,0.21538055226785874,0.044369234982833336
2023-07-01,EST001,10913.2,2510.0,543.4,False,0.22999670124253196,0.04979291133672983
2023-08-01,EST001,8419.3,1759.4,358.9,False,0.20897224234793868,0.04262824700390769
2023-09-01,EST001,9760.5,1959.3,534.2,False,0.20073766712770863,0.05473080272527023
2023-10-01,EST001,9371.7,1975.9,471.2,False,0.21083688124886626,0.05027903155243979
2023-11-01,EST001,8205.9,1596.2,427.6,False,0.19451857809624784,0.0521088485114369
2023-12-01,EST001,7950.4,1828.6,379.0,False,0.2300010062386798,0.04767055745622862
2024-01-01,EST001,9679.8,1962.1,466.2,False,0.2027004690179549,0.0481621521105808
2024-02-01,EST001,8817.3,1727.4,453.5,False,0.19591031268075262,0.051432978349381334
2024-03-01,EST001,9108.2,1707.5,402.4,False,0.18746843503656044,0.044179969697635095
2024-04-01,EST001,8795.3,1903.8,424.0,False,0.2164565165486112,0.04820756540425
2024-05-01,EST001,10151.0,2162.2,463.9,False,0.21300364496108756,0.04569993104127672
2024-06-01,EST001,10991.6,2116.3,500.6,False,0.19253793806179265,0.045543869864259984
2024-07-01,EST001,10975.6,2290.0,439.0,False,0.2086446299063377,0.039997813331389624
2024-08-01,EST001,11030.5,1956.5,625.4,False,0.1773718326458456,0.056697339195866
2024-09-01,EST001,8693.5,1762.8,404.8,False,0.2027721861160637,0.0465635244723069
2024-10-01,EST001,9614.9,1988.3,536.7,False,0.20679362239856888,0.055819613308510756
2024-11-01,EST001,9129.2,2059.6,505.2,False,0.22560574858695173,0.05533891250054769
2024-12-01,EST001,9199.8,1733.6,400.8,False,0.18843887910606752,0.04356616448183657
2025-01-01,EST001,8385.6,1516.3,373.6,False,0.18082188513642433,0.04455256630414043
2025-02-01,EST001,9219.1,1720.0,553.1,False,0.18656918788168042,0.05999501035892875
2025-03-01,EST001,8661.8,1558.7,508.9,False,0.17995104943545223,0.05875222240181025
2025-04-01,EST001,10508.3,2312.3,523.8,False,0.2200451072009745,0.04984631196292454
2025-05-01,EST001,10733.9,2396.1,550.5,False,0.2232273451401634,0.051286112223888805
2025-06-01,EST001,7719.9,1581.1,361.6,False,0.20480835243979845,0.04683998497389863
2025-07-01,EST001,9791.0,2137.6,510.7,False,0.21832294964763557,0.052160147073843324
2025-08-01,EST001,10124.1,2045.2,469.9,False,0.2020130184411454,0.04641400223229719
2025-09-01,EST001,10449.1,2074.9,418.0,False,0.19857212582901876,0.040003445272798616
2025-10-01,EST001,9599.1,1871.9,416.5,False,0.19500786532070716,0.043389484430832057
2025-11-01,EST001,8497.5,1659.9,425.8,False,0.19533980582524274,0.05010885554574875
2025-12-01,EST001,8566.4,1514.4,379.9,False,0.17678371311169222,0.04434768397459843
2019-01-01,EST002,7271.1,1483.0,361.1,False,0.20395813563284784,0.04966236195348709
2019-02-01,EST002,6722.9,1340.5,300.0,False,0.1993931190408901,0.044623599934552054
2019-03-01,EST002,7137.5,1507.3,329.0,False,0.2111803852889667,0.046094570928196146
2019-04-01,EST002,7812.8,1573.5,424.0,False,0.20140026622977678,0.05426991603522425
2019-05-01,EST002,7954.3,1571.4,407.6,False,0.19755352450875627,0.051242724061199604
2019-06-01,EST002,8132.6,1520.2,406.2,False,0.18692669011140348,0.0499471263802474
2019-07-01,EST002,7579.4,1524.1,412.3,False,0.20108451856347467,0.05439744570810355
2019-08-01,EST002,7768.0,1639.6,407.1,False,0.21107106076210091,0.05240731204943358
2019-09-01,EST002,7424.5,1382.5,432.7,True,0.18620782544279077,0.058280018856488654
2019-10-01,EST002,7081.0,1425.5,337.8,False,0.20131337381725745,0.04770512639457704
2019-11-01,EST002,6650.5,1353.3,318.2,False,0.20348845951432223,0.04784602661454026
2019-12-01,EST002,7529.4,1424.8,327.5,False,0.18923154567429012,0.04349616171275268
2020-01-01,EST002,7041.8,1346.3,337.0,False,0.19118691243716093,0.04785708199608055
2020-02-01,EST002,6854.2,1394.5,375.8,False,0.20345189810627062,0.05482769688658049
2020-03-01,EST002,8108.6,1483.9,458.1,False,0.183003231137311,0.05649557260192881
2020-04-01,EST002,7881.3,1617.6,431.9,False,0.2052453275474858,0.05480060396127542
2020-05-01,EST002,7372.0,1375.4,302.5,False,0.18657080846446014,0.04103364080303852
2020-06-01,EST002,7012.3,1514.3,388.6,False,0.21594911797840935,0.055416910286211374
2020-07-01,EST002,7612.8,1750.9,310.7,False,0.2299942202606137,0.04081284153005464
2020-08-01,EST002,7197.6,1346.6,392.2,False,0.1870901411581638,0.054490385684116925
2020-09-01,EST002,7204.5,1498.6,347.0,False,0.20800888333680337,0.048164341730862655
2020-10-01,EST002,7423.4,1403.8,397.2,False,0.1891047229032519,0.053506479510736324
2020-11-01,EST002,6833.3,1473.4,296.1,False,0.21562056400275123,0.04333191869228631
2020-12-01,EST002,7722.7,1398.0,431.4,False,0.18102477112926826,0.05586129203516905
2021-01-01,EST002,6060.9,1255.9,258.6,False,0.20721345014766787,0.042666930653863296
2021-02-01,EST002,7192.0,1344.2,335.6,False,0.18690211345939933,0.04666295884315907
2021-03-01,EST002,7052.1,1388.5,317.4,False,0.19689170601664752,0.045007869996171346
2021-04-01,EST002,7816.9,1442.5,322.3,False,0.18453606928577826,0.041231178600212366
2021-05-01,EST002,7356.9,1562.1,371.3,False,0.2123312808383966,0.05046962715274097
2021-06-01,EST002,7517.1,1409.0,443.7,False,0.18743930505115003,0.05902542203775392
2021-07-01,EST002,7121.2,1483.2,427.3,False,0.20827950345447396,0.060003931921586255
2021-08-01,EST002,8055.4,1569.5,406.7,False,0.1948382451523202,0.05048787148993222
2021-09-01,EST002,7664.3,1519.7,426.0,False,0.1982829482144488,0.05558237542893676
2021-10-01,EST002,7400.1,1496.4,378.6,False,0.20221348360157296,0.051161470790935255
2021-11-01,EST002,7040.3,1327.6,369.6,False,0.18857150973680098,0.05249776287942275
2021-12-01,EST002,6176.1,1254.7,298.2,False,0.20315409400754522,0.04828289697381843
2022-01-01,EST002,8808.7,1963.9,449.0,False,0.2229500380305834,0.05097233416962775
2022-02-01,EST002,8493.7,1599.6,447.5,False,0.1883278194426457,0.05268610852749685
2022-03-01,EST002,8765.0,1907.1,412.9,False,0.2175812892184826,0.04710781517398745
2022-04-01,EST002,8645.9,1923.5,428.9,False,0.22247539296082539,0.04960732832903457
2022-05-01,EST002,9214.3,1730.1,458.0,False,0.18776249959302388,0.04970534929403211
2022-06-01,EST002,10044.7,1789.7,543.7,False,0.1781735641681683,0.05412804762710683
2022-07-01,EST002,8845.3,1809.1,395.1,False,0.20452669779430885,0.04466778967361198
2022-08-01,EST002,8168.6,1566.6,406.3,False,0.19178316969860196,0.04973924540312905
2022-09-01,EST002,8119.4,1851.5,483.6,False,0.2280340911890041,0.05956105130921004
2022-10-01,EST002,8184.2,1641.1,456.8,False,0.20052051513892621,0.055814862784389435
2022-11-01,EST002,7901.6,1485.2,448.4,False,0.18796193176065606,0.056748000404981264
2022-12-01,EST002,7910.1,1445.9,396.5,False,0.1827916208391803,0.05012578854881733
2023-01-01,EST002,8181.5,1770.1,422.2,False,0.21635396932102913,0.051604229053352074
2023-02-01,EST002,8414.9,1610.9,462.9,False,0.1914342416428003,0.05500956636442501
2023-03-01,EST002,9054.2,1816.8,523.3,False,0.2006582580459897,0.057796381789666666
2023-04-01,EST002,8898.3,1907.2,358.1,False,0.21433307485699518,0.040243642043985936
2023-05-01,EST002,8353.9,1610.1,362.7,False,0.19273632674559188,0.04341684722105843
2023-06-01,EST002,8073.8,1609.2,456.6,False,0.19931135277069037,0.05655329584582229
2023-07-01,EST002,10551.6,2107.7,513.0,False,0.19975169642518667,0.04861821903787103
2023-08-01,EST002,8872.7,1865.5,413.8,False,0.21025167085554564,0.04663743843474928
2023-09-01,EST002,9119.0,1904.6,398.8,False,0.20886062068209232,0.04373286544577257
2023-10-01,EST002,9042.1,1778.6,427.0,False,0.19670209354021742,0.047223543203459374
2023-11-01,EST002,7972.0,1602.0,342.7,False,0.2009533366783743,0.04298795785248369
2023-12-01,EST002,7050.3,1370.7,423.0,False,0.19441725884004937,0.05999744691715246
2024-01-01,EST002,8040.9,1430.0,401.1,False,0.17784078896640923,0.04988247584225647
2024-02-01,EST002,7913.5,1613.3,393.4,False,0.20386680988184747,0.049712516585581595
2024-03-01,EST002,8630.4,1971.0,456.9,False,0.22837875417130146,0.052940767519466074
2024-04-01,EST002,8490.3,1585.5,465.4,False,0.18674251793222857,0.05481549532996478
2024-05-01,EST002,8891.3,1675.2,486.6,False,0.1884088940874788,0.05472765512354774
2024-06-01,EST002,8951.9,1673.5,495.6,False,0.18694355388241604,0.05536254873267128
2024-07-01,EST002,10176.9,2146.0,476.7,False,0.21086971474614077,0.04684137605754208
2024-08-01,EST002,9239.2,1910.0,448.2,False,0.20672785522556064,0.04851069356654255
2024-09-01,EST002,8326.9,1645.6,448.4,False,0.19762456616507945,0.05384957186948324
2024-10-01,EST002,8483.4,1579.9,401.8,False,0.18623429285428014,0.0473630855553198
2024-11-01,EST002,8364.2,1684.4,418.0,False,0.20138208077281747,0.049974892996341544
2024-12-01,EST002,8193.0,1446.3,426.0,False,0.1765287440497986,0.05199560600512633
2025-01-01,EST002,8203.5,1658.3,442.4,False,0.20214542573291888,0.053928201377460835
2025-02-01,EST002,8135.0,1733.3,334.4,False,0.21306699446834665,0.04110633066994468
2025-03-01,EST002,9223.9,1671.7,494.2,False,0.18123570290224308,0.05357820444714275
2025-04-01,EST002,9101.6,1611.1,444.4,False,0.1770128329084996,0.04882657994198822
2025-05-01,EST002,8088.5,1809.3,433.0,False,0.2236879520306608,0.05353279347221364
2025-06-01,EST002,9041.1,1905.8,538.2,False,0.21079293448806008,0.05952815475992966
2025-07-01,EST002,9993.7,2169.0,580.0,False,0.21703673314187938,0.058036563034711865
2025-08-01,EST002,7658.6,1514.0,434.8,False,0.19768626119656332,0.05677277831457447
2025-09-01,EST002,8984.6,1775.1,509.7,False,0.1975713999510273,0.05673040536028315
2025-10-01,EST002,7226.5,1492.8,413.5,False,0.20657302982079845,0.05721995433474019
2025-11-01,EST002,7602.1,1419.6,391.2,False,0.18673787506083844,0.051459465147788104
2025-12-01,EST002,7350.8,1484.8,368.7,False,0.20199161995973225,0.05015780595309354
2019-01-01,EST003,10820.1,2102.1,588.2,False,0.19427731721518285,0.05436178963225848
2019-02-01,EST003,11559.0,2082.8,620.3,False,0.18018859762955275,0.053663811748421136
2019-03-01,EST003,10752.1,2204.8,521.0,False,0.20505761665163086,0.04845565052408367
2019-04-01,EST003,11513.8,2257.3,599.0,False,0.19605169448835313,0.05202452708923205
2019-05-01,EST003,11242.2,2222.0,560.1,False,0.19764814715980858,0.049821209371831134
2019-06-01,EST003,11787.9,2143.6,539.1,False,0.18184748767804274,0.045733336726643425
2019-07-01,EST003,12707.8,2844.9,717.4,False,0.22387037882245553,0.05645351673775162
2019-08-01,EST003,13080.4,2788.1,657.6,False,0.213150973976331,0.050273691936026425
2019-09-01,EST003,11342.2,2432.5,680.5,False,0.2144645659572217,0.05999717867785791
2019-10-01,EST003,10337.4,2020.1,432.9,False,0.19541664248263588,0.04187706773463347
2019-11-01,EST003,9383.2,1633.3,443.0,False,0.174066416574303,0.04721203853695967
2019-12-01,EST003,9250.0,2121.0,464.0,False,0.2292972972972973,0.05016216216216216
2020-01-01,EST003,10654.3,2121.1,593.3,False,0.19908393794054982,0.05568643646227345
2020-02-01,EST003,11526.1,2175.8,599.3,False,0.1887715706093128,0.05199503735001431
2020-03-01,EST003,11471.2,2366.0,591.4,False,0.20625566636446055,0.051555199107329655
2020-04-01,EST003,10245.5,2228.5,454.5,False,0.21751012639695477,0.04436093894880679
2020-05-01,EST003,9564.9,1909.7,422.9,False,0.19965707953036624,0.044213739819548556
2020-06-01,EST003,12616.4,2765.2,651.2,False,0.2191750420088139,0.051615357788275584
2020-07-01,EST003,12996.0,2810.3,561.2,False,0.21624345952600801,0.04318251769775316
2020-08-01,EST003,10680.6,1963.7,505.6,False,0.1838567121697283,0.04733816452259237
2020-09-01,EST003,10171.7,1931.5,534.1,False,0.18988959564281288,0.052508430252563486
2020-10-01,EST003,12375.0,2652.7,558.0,False,0.21435959595959594,0.04509090909090909
2020-11-01,EST003,10378.4,1764.3,602.2,False,0.16999730208895397,0.05802435828258692
2020-12-01,EST003,9942.9,1966.3,558.0,False,0.19775920506089772,0.05612044775669071
2021-01-01,EST003,9566.2,1707.9,403.1,False,0.17853484142083587,0.04213794401120612
2021-02-01,EST003,10154.2,1958.3,460.4,False,0.19285615804297726,0.04534084418270272
2021-03-01,EST003,10434.0,2040.0,417.4,False,0.19551466359977,0.0400038336208549
2021-04-01,EST003,9755.7,2266.5,536.7,False,0.23232571727297885,0.05501399182016667
2021-05-01,EST003,9077.4,1740.3,488.7,False,0.19171789278868398,0.05383700178465199
2021-06-01,EST003,12666.8,2324.9,607.1,False,0.18354280481258095,0.047928442858496234
2021-07-01,EST003,10513.8,2418.2,549.9,False,0.23000247294032605,0.05230268789590824
2021-08-01,EST003,9997.6,2279.6,423.8,False,0.22801472353364804,0.042390173641674
2021-09-01,EST003,10525.9,1921.7,568.3,False,0.18256871146410283,0.053990632629988884
2021-10-01,EST003,10143.4,2269.4,479.0,False,0.22373168759981862,0.04722282469388962
2021-11-01,EST003,9600.0,1862.5,480.6,False,0.19401041666666666,0.0500625
2021-12-01,EST003,9612.9,1941.2,476.2,False,0.20193698051576528,0.04953760051597333
2022-01-01,EST003,9901.0,1970.8,432.1,False,0.19905060094939905,0.043642056357943645
2022-02-01,EST003,11939.6,2269.8,528.1,False,0.19010687125196826,0.04423096251130691
2022-03-01,EST003,10489.0,2252.6,575.2,False,0.21475831823815425,0.054838402135570605
2022-04-01,EST003,11589.0,2339.7,602.6,False,0.20188972301320215,0.05199758391578221
2022-05-01,EST003,11192.5,2158.5,618.4,False,0.19285235648872012,0.05525128434219343
2022-06-01,EST003,11715.4,2113.8,604.8,False,0.18042917868788094,0.05162435768304966
2022-07-01,EST003,13211.4,2465.2,670.0,False,0.18659642430022555,0.05071377749519355
2022-08-01,EST003,12407.7,2176.1,513.3,False,0.1753830282808256,0.04136947218259628
2022-09-01,EST003,13326.3,2667.7,648.3,False,0.20018309658344777,0.0486481619054051
2022-10-01,EST003,10379.9,1889.7,517.6,False,0.18205377701133924,0.049865605641672854
2022-11-01,EST003,10289.9,2017.0,615.0,False,0.1960174540082994,0.059767344677790844
2022-12-01,EST003,10045.0,2215.4,536.8,False,0.22054753608760577,0.05343952215032354
2023-01-01,EST003,10515.2,2292.2,606.5,False,0.2179891965916007,0.057678408399269625
2023-02-01,EST003,9513.1,1898.0,504.1,False,0.19951435389095037,0.05299008735322871
2023-03-01,EST003,11102.5,2206.0,515.6,False,0.19869398784057646,0.04643999099301959
2023-04-01,EST003,12482.2,2848.4,631.4,False,0.22819695246030347,0.05058403166108538
2023-05-01,EST003,12023.8,2498.7,615.4,False,0.20781283787155475,0.05118182271827542
2023-06-01,EST003,10496.0,2047.6,475.5,False,0.19508384146341462,0.04530297256097561
2023-07-01,EST003,13460.8,2404.2,647.2,False,0.1786075121835255,0.0480803518364436
2023-08-01,EST003,9946.0,2048.0,487.1,False,0.20591192439171527,0.048974462095314704
2023-09-01,EST003,10195.5,2165.9,591.6,False,0.21243685939875437,0.05802559952920406
2023-10-01,EST003,9640.1,1836.7,385.6,False,0.19052706922127363,0.039999585066544954
2023-11-01,EST003,10157.7,2075.9,569.1,False,0.20436713035431248,0.05602646268348149
2023-12-01,EST003,10279.3,1999.8,465.8,False,0.19454632124755578,0.0453143696555213
2024-01-01,EST003,10469.7,2065.0,451.7,False,0.19723583292740002,0.043143547570608516
2024-02-01,EST003,10440.1,1774.8,583.6,False,0.16999837166310666,0.05589984770260821
2024-03-01,EST003,11087.6,2180.6,595.0,False,0.19667015404596125,0.05366355207619322
2024-04-01,EST003,12281.9,2635.0,691.1,False,0.2145433524129003,0.0562697953899641
2024-05-01,EST003,11983.4,2283.2,647.1,False,0.1905302334896607,0.053999699584425125
2024-06-01,EST003,11154.1,2239.6,669.2,False,0.20078715449924242,0.05999587595592652
2024-07-01,EST003,11708.4,2208.9,618.1,False,0.1886594240032797,0.052791158484506856
2024-08-01,EST003,12151.6,2496.0,598.1,False,0.20540504954080122,0.04921985582145561
2024-09-01,EST003,11449.05,1819.0,478.1,True,0.15887781082273203,0.041758923229438256
2024-10-01,EST003,10746.5,1997.9,604.1,False,0.18591169217884893,0.05621365095612525
2024-11-01,EST003,10807.0,2377.4,498.2,False,0.21998704543351533,0.04609975016193208
2024-12-01,EST003,10456.3,1992.9,435.4,False,0.1905932308751662,0.04163996824880694
2025-01-01,EST003,10105.6,1929.4,489.7,False,0.19092384420519315,0.048458280557314756
2025-02-01,EST003,10093.2,2094.0,403.7,False,0.2074664130305552,0.039997225855031106
2025-03-01,EST003,9797.6,2038.5,496.6,False,0.2080611578345717,0.050685882256879235
2025-04-01,EST003,11862.5,2486.8,481.3,False,0.20963540569020023,0.040573234984193886
2025-05-01,EST003,10953.5,1912.3,550.6,False,0.17458346647190395,0.05026703793308075
2025-06-01,EST003,11070.1,2381.2,601.4,False,0.21510194126520987,0.05432651918230187
2025-07-01,EST003,10757.0,2059.5,512.2,False,0.19145672585293297,0.04761550618202101
2025-08-01,EST003,10478.0,2039.4,611.8,False,0.1946363809887383,0.05838900553540752
2025-09-01,EST003,10788.8,2481.4,460.7,False,0.2299977754708587,0.04270169064214741
2025-10-01,EST003,10036.1,2052.7,561.6,False,0.20453164077679575,0.05595799165014299
2025-11-01,EST003,9892.1,1921.1,528.0,False,0.1942054770978862,0.05337592624417464
2025-12-01,EST003,10478.7,1781.4,434.0,False,0.1700020040653898,0.04141735138900818
2019-01-01,EST004,8128.4,1795.1,487.7,False,0.22084297032626346,0.059999507898233356
2019-02-01,EST004,7353.0,1322.2,365.3,False,0.17981776145790834,0.049680402556779545
2019-03-01,EST004,8798.1,1627.2,401.3,False,0.18494902308452962,0.04561212079880883
2019-04-01,EST004,9234.8,1801.1,396.8,False,0.19503400181920563,0.04296790401524668
2019-05-01,EST004,9605.3,2125.1,469.7,False,0.22124243907009672,0.04890008641062747
2019-06-01,EST004,7375.0,1560.5,364.1,False,0.21159322033898306,0.049369491525423734
2019-07-01,EST004,10683.3,2111.4,539.6,False,0.19763556204543542,0.05050873793677984
2019-08-01,EST004,10159.4,2078.9,492.8,False,0.2046282260763431,0.04850680158277064
2019-09-01,EST004,8522.0,1627.7,453.1,False,0.19099976531330673,0.053168270359070645
2019-10-01,EST004,9787.7,1978.0,470.4,False,0.2020903787406643,0.04806032060647547
2019-11-01,EST004,8240.2,1657.1,332.3,False,0.20109948787650783,0.04032669109973059
2019-12-01,EST004,9030.4,1937.3,444.8,False,0.21453091778880226,0.04925584691708009
2020-01-01,EST004,8536.4,1831.1,341.5,False,0.2145049435359168,0.04000515439763835
2020-02-01,EST004,8377.2,1737.5,433.7,False,0.20740820321825906,0.051771474955832494
2020-03-01,EST004,8975.8,1746.4,404.8,False,0.19456761514293994,0.04509904409634796
2020-04-01,EST004,8449.7,1784.0,429.4,False,0.21113175615702331,0.050818372249902356
2020-05-01,EST004,10289.8,2043.8,582.1,False,0.19862387995879416,0.056570584462283045
2020-06-01,EST004,9772.6,1795.9,442.3,False,0.1837689048973661,0.04525919407322514
2020-07-01,EST004,11273.3,2186.5,623.5,False,0.1939538555702412,0.05530767388431072
2020-08-01,EST004,8223.7,1655.2,393.4,False,0.20127193355788756,0.04783734815229154
2020-09-01,EST004,9051.5,1933.9,531.9,False,0.21365519527150198,0.05876374081643926
2020-10-01,EST004,9651.8,1903.8,465.0,False,0.19724818168631758,0.04817754201288879
2020-11-01,EST004,8897.4,1618.1,407.5,False,0.18186211702295052,0.045799896599006455
2020-12-01,EST004,8449.1,1697.0,451.5,False,0.2008497946526849,0.053437644246132725
2021-01-01,EST004,10046.8,2026.5,480.4,False,0.20170601584584147,0.0478162200899789
2021-02-01,EST004,9729.7,1973.1,445.5,False,0.20279145297388407,0.04578763990667749
2021-03-01,EST004,10797.9,2308.6,514.1,False,0.2138008316431899,0.04761110956760111
2021-04-01,EST004,11584.8,2494.0,576.7,False,0.21528209377805402,0.049780747185967825
2021-05-01,EST004,11915.4,2276.9,675.7,False,0.19108884300988638,0.05670812561894691
2021-06-01,EST004,12076.7,2303.7,487.0,False,0.1907557528132685,0.04032558563183651
2021-07-01,EST004,11400.7,2102.3,571.4,False,0.18440095783592236,0.05011972949029445
2021-08-01,EST004,11355.0,2390.0,603.2,False,0.21047996477322764,0.05312197269925144
2021-09-01,EST004,9945.4,2205.2,506.9,False,0.22173064934542602,0.05096828684618014
2021-10-01,EST004,8659.6,1691.0,489.7,False,0.19527460852695275,0.05654995611806549
2021-11-01,EST004,9724.5,1909.7,482.6,False,0.19638027662090596,0.04962723019178364
2021-12-01,EST004,10604.6,2354.2,520.4,False,0.221998000867548,0.049073043773456795
2022-01-01,EST004,10679.3,2216.8,565.6,False,0.20757914844605924,0.05296227280814286
2022-02-01,EST004,9990.6,2063.5,504.5,False,0.20654415150241226,0.050497467619562385
2022-03-01,EST004,11081.3,2018.3,532.4,False,0.18213567000261702,0.0480449044787164
2022-04-01,EST004,11943.8,2510.4,628.0,False,0.21018436343542257,0.05257958103786065
2022-05-01,EST004,11120.7,2069.2,519.8,False,0.18606742381324914,0.046741661945740816
2022-06-01,EST004,11741.7,2148.6,551.2,False,0.1829888346661897,0.0469437985981587
2022-07-01,EST004,10997.8,2142.4,520.9,False,0.194802596883013,0.047364018258197096
2022-08-01,EST004,10591.3,2025.2,601.2,False,0.1912135431911097,0.05676357009998773
2022-09-01,EST004,11290.8,2220.6,451.6,False,0.19667339781060686,0.039997165834130446
2022-10-01,EST004,11128.2,1985.1,578.4,False,0.1783846444168868,0.0519760608184612
2022-11-01,EST004,10762.2,2307.2,540.0,False,0.21437995948783703,0.050175614651279475
2022-12-01,EST004,9517.1,2064.4,395.9,False,0.21691481648821595,0.04159880635907997
2023-01-01,EST004,8872.6,1515.4,457.4,False,0.17079548272208822,0.05155196898316164
2023-02-01,EST004,10037.1,2154.7,525.7,False,0.21467356108836216,0.05237568620418249
2023-03-01,EST004,11002.9,2066.8,582.6,False,0.18784138727062868,0.052949676903361845
2023-04-01,EST004,11591.7,2467.3,463.7,False,0.21285057411768765,0.04000276059594365
2023-05-01,EST004,11294.1,2247.2,641.9,False,0.19897114422574616,0.05683498463799683
2023-06-01,EST004,12288.3,2463.0,569.1,False,0.20043455970313226,0.046312345889992924
2023-07-01,EST004,11389.2,2527.4,684.7,True,0.22191198679450708,0.06011835774242265
2023-08-01,EST004,10490.1,2288.8,563.4,False,0.2181866712424095,0.0537077816226728
2023-09-01,EST004,11100.4,2013.7,506.4,False,0.18140787719361465,0.045619977658462756
2023-10-01,EST004,10365.2,2167.5,552.5,False,0.20911318643152085,0.05330336124725041
2023-11-01,EST004,10378.7,2247.2,498.9,False,0.21652037345717667,0.04806960409299815
2023-12-01,EST004,9983.0,2103.9,399.3,False,0.21074827206250626,0.03999799659421016
2024-01-01,EST004,10007.0,2301.6,558.8,False,0.22999900069951035,0.05584091136204656
2024-02-01,EST004,10037.8,1927.9,463.0,False,0.1920639980872303,0.0461256450616669
2024-03-01,EST004,10039.6,2152.1,459.1,False,0.21436112992549503,0.04572891350252998
2024-04-01,EST004,12247.1,2429.9,587.7,False,0.19840615329343272,0.047986870361146725
2024-05-01,EST004,12606.7,2754.6,647.5,False,0.21850285959053517,0.05136157757382979
2024-06-01,EST004,11094.4,2217.6,551.5,False,0.19988462647822325,0.049709763484280356
2024-07-01,EST004,13094.8,2542.8,690.6,False,0.19418395088126586,0.052738491614992215
2024-08-01,EST004,10451.9,2295.1,452.6,False,0.21958686937303265,0.04330313148805481
2024-09-01,EST004,9831.9,1893.9,455.1,False,0.1926280779910292,0.04628810301162543
2024-10-01,EST004,11027.2,1971.8,545.0,False,0.17881239117817757,0.04942324434126523
2024-11-01,EST004,10010.9,1924.6,595.5,False,0.1922504470127561,0.05948516117431999
2024-12-01,EST004,9425.5,1972.6,465.9,False,0.20928332714444856,0.04942973847541244
2025-01-01,EST004,9740.3,2151.4,539.9,False,0.220876153711898,0.055429504224715875
2025-02-01,EST004,9854.6,1987.3,494.6,False,0.20166216792157976,0.05018975909727437
2025-03-01,EST004,10893.2,2394.0,518.3,False,0.21977013182535893,0.04758014173980097
2025-04-01,EST004,11732.9,2107.6,572.2,False,0.17963163412285113,0.04876884657672017
2025-05-01,EST004,10975.4,2122.1,539.5,False,0.19335058403338376,0.049155383858447074
2025-06-01,EST004,13146.8,2572.5,697.0,False,0.19567499315422765,0.05301670368454681
2025-07-01,EST004,10662.3,2114.1,606.4,False,0.19827804507470245,0.05687328250002345
2025-08-01,EST004,10017.7,2016.2,518.9,False,0.20126376313924352,0.05179831697894726
2025-09-01,EST004,11090.9,2333.1,620.4,False,0.21036164783741626,0.055937750768648174
2025-10-01,EST004,10548.4,2039.3,476.5,False,0.19332789806984946,0.04517272761745857
2025-11-01,EST004,9449.5,1909.6,452.9,False,0.20208476638975606,0.04792846182337689
2025-12-01,EST004,10677.6,2128.3,495.2,False,0.19932381808646138,0.04637746310032217
2019-01-01,EST005,12224.3,2275.1,630.4,False,0.1861129062604812,0.05156941501762882
2019-02-01,EST005,12379.2,2454.7,596.7,False,0.1982922967558485,0.04820182241178751
2019-03-01,EST005,12784.2,2529.3,685.9,False,0.19784577838269113,0.05365216439041942
2019-04-01,EST005,12320.4,2433.6,558.7,False,0.1975260543488848,0.04534755365085549
2019-05-01,EST005,11478.5,2301.2,576.4,False,0.20047915668423574,0.05021562050790608
2019-06-01,EST005,14145.6,2845.2,755.9,False,0.20113674923651167,0.05343711118651736
2019-07-01,EST005,13029.2,2521.4,521.2,False,0.19351917232063365,0.0400024560218586
2019-08-01,EST005,10654.4,2334.3,639.3,False,0.219092581468689,0.06000337888571857
2019-09-01,EST005,13084.7,2387.4,635.7,False,0.1824573738794164,0.04858346007168678
2019-10-01,EST005,11873.6,2246.3,474.9,False,0.18918440910928447,0.03999629429995957
2019-11-01,EST005,11714.0,2694.2,595.0,False,0.2299982926412839,0.05079392180297081
2019-12-01,EST005,12149.4,2240.7,609.5,False,0.18442886068447822,0.05016708644048266
2020-01-01,EST005,11881.0,2134.9,589.2,False,0.1796902617624779,0.04959178520326572
2020-02-01,EST005,11908.4,2512.9,654.4,False,0.21101911255920192,0.05495280642235733
2020-03-01,EST005,12765.4,2170.1,686.0,False,0.1699985899384273,0.05373901327024613
2020-04-01,EST005,12920.55,2402.8,629.7,False,0.18596731563284846,0.04873631540453
2020-05-01,EST005,13075.7,3007.4,683.2,False,0.2299991587448473,0.052249592756028355
2020-06-01,EST005,13999.6,2475.5,692.7,False,0.17682648075659305,0.049479985142432646
2020-07-01,EST005,10867.9,1850.5,639.9,False,0.17027208568352672,0.058879820388483516
2020-08-01,EST005,11146.6,1978.7,474.9,False,0.1775160138517575,0.04260491988588448
2020-09-01,EST005,12251.3,2615.4,621.1,False,0.2134793858610923,0.05069666076253133
2020-10-01,EST005,11418.5,2476.3,574.6,False,0.21686736436484655,0.050321846126899335
2020-11-01,EST005,11311.9,2262.3,636.0,False,0.19999292780169559,0.05622397652030163
2020-12-01,EST005,11205.3,2355.9,513.0,False,0.2102487215871061,0.045781906776257666
2021-01-01,EST005,11461.8,2531.4,473.2,False,0.22085536303198453,0.04128496396726518
2021-02-01,EST005,10909.8,2474.5,554.0,False,0.22681442372912428,0.05078003263121231
2021-03-01,EST005,13053.8,2562.5,671.0,False,0.19630299223214698,0.05140265669766658
2021-04-01,EST005,13583.2,2309.1,780.3,False,0.16999676070439954,0.05744596265975616
2021-05-01,EST005,11675.0,2191.2,509.6,False,0.1876830835117773,0.043648822269807284
2021-06-01,EST005,11670.6,2259.4,650.9,False,0.19359758709920655,0.055772625229208436
2021-07-01,EST005,14640.5,2871.2,878.4,False,0.19611352071309038,0.059997950889655406
2021-08-01,EST005,12891.6,2542.0,620.2,False,0.19718266157808184,0.04810884607030935
2021-09-01,EST005,13563.0,2940.2,590.6,False,0.21678094816780946,0.04354493843544938
2021-10-01,EST005,12561.5,2752.4,602.5,False,0.2191139593201449,0.047964017036181986
2021-11-01,EST005,12003.5,2369.8,601.0,False,0.19742575082267674,0.050068729953763484
2021-12-01,EST005,13188.2,2854.9,696.6,False,0.21647381750352587,0.052819945102440057
2022-01-01,EST005,10586.3,2174.1,498.0,False,0.20536920359332345,0.04704193155304497
2022-02-01,EST005,11252.3,2261.3,650.1,False,0.20096335860224135,0.057774854918549993
2022-03-01,EST005,11104.8,2372.0,493.4,False,0.21360132555291406,0.044431236942583385
2022-04-01,EST005,13673.8,2749.6,564.8,False,0.20108528719156343,0.041305269932279245
2022-05-01,EST005,14384.3,3308.4,798.8,False,0.23000076472264902,0.05553276836550962
2022-06-01,EST005,14489.0,2799.1,627.5,True,0.1931879356753399,0.04330871695769204
2022-07-01,EST005,14593.7,2806.0,714.8,False,0.19227474869292913,0.04898003933204053
2022-08-01,EST005,12078.1,2392.7,724.7,False,0.1981023505352663,0.0600011591227097
2022-09-01,EST005,11227.4,2319.5,560.7,False,0.20659279975773553,0.04994032456312237
2022-10-01,EST005,11392.0,2495.1,505.8,False,0.21902212078651684,0.044399578651685395
2022-11-01,EST005,13148.2,2624.8,653.6,False,0.1996318887756499,0.04971022649488143
2022-12-01,EST005,11831.6,2113.9,588.6,False,0.17866560735657055,0.04974813212076135
2023-01-01,EST005,11518.7,2449.3,585.2,False,0.21263684269926295,0.050804344240235444
2023-02-01,EST005,12215.5,2581.4,651.2,False,0.2113216814702632,0.05330932012606934
2023-03-01,EST005,11459.5,1958.1,513.4,False,0.17087132946463632,0.044801256599328064
2023-04-01,EST005,12984.6,2596.2,758.8,False,0.19994454969733375,0.0584384578654714
2023-05-01,EST005,13495.6,2377.2,691.3,False,0.17614629953466313,0.05122410267050001
2023-06-01,EST005,12764.4,2425.6,684.6,False,0.19002851681238445,0.05363354329228166
2023-07-01,EST005,11237.0,2095.2,526.6,False,0.18645545964225324,0.04686304173711845
2023-08-01,EST005,13093.1,2777.6,738.9,False,0.21214227341118602,0.05643430509199502
2023-09-01,EST005,10044.5,2026.5,489.3,False,0.20175220269799393,0.048713226143660714
2023-10-01,EST005,12101.4,2186.9,621.9,False,0.18071462805956337,0.051390748177896774
2023-11-01,EST005,11022.3,2350.0,499.7,False,0.21320414069658783,0.045335365577057425
2023-12-01,EST005,12008.6,2143.4,540.6,False,0.17848874972936063,0.04501773728827674
2024-01-01,EST005,11348.5,2325.9,606.5,False,0.20495219632550557,0.053443186324183815
2024-02-01,EST005,11897.4,2234.2,568.5,False,0.18778892867349167,0.047783549346916136
2024-03-01,EST005,11976.3,2329.6,547.7,False,0.1945175054065112,0.04573198734166647
2024-04-01,EST005,12862.7,2669.8,601.8,False,0.20756139846222021,0.04678644452564391
2024-05-01,EST005,11487.0,2387.2,614.5,False,0.20781753286323668,0.05349525550622443
2024-06-01,EST005,11988.6,2638.1,561.7,False,0.22005071484577013,0.04685284353469129
2024-07-01,EST005,12876.4,2559.4,636.2,False,0.19876673604423598,0.04940821968873288
2024-08-01,EST005,13683.6,2799.6,685.2,False,0.20459528194334822,0.050074541787248975
2024-09-01,EST005,12899.7,2495.2,521.3,False,0.19343085498112356,0.040411792522306714
2024-10-01,EST005,11975.6,2427.8,510.7,False,0.20272888206018905,0.04264504492468018
2024-11-01,EST005,11692.75,2280.1,570.4,False,0.19500117594235744,0.04878236514079237
2024-12-01,EST005,11409.9,2265.2,528.4,False,0.198529347321186,0.04631066004084172
2025-01-01,EST005,11025.7,1906.8,609.5,False,0.17294140054599708,0.05527993687475625
2025-02-01,EST005,10944.6,2243.3,600.1,False,0.2049686603439139,0.054830692761727244
2025-03-01,EST005,11756.6,2415.6,630.1,False,0.20546756715376893,0.05359542724937482
2025-04-01,EST005,11774.8,2234.8,695.9,False,0.18979515575636108,0.05910079152087509
2025-05-01,EST005,10938.0,1976.9,542.4,False,0.18073688059974402,0.04958859023587493
2025-06-01,EST005,13354.1,2966.5,711.0,False,0.22214151459102446,0.05324207546745943
2025-07-01,EST005,12998.4,2695.5,611.9,False,0.20737167651403252,0.047075024618414577
2025-08-01,EST005,11597.8,2279.7,695.9,False,0.1965631412854162,0.060002759143975584
2025-09-01,EST005,14292.4,2614.7,856.4,False,0.1829433824969914,0.05991995745990876
2025-10-01,EST005,13589.2,2550.3,680.3,False,0.18767109174933036,0.050061813793306445
2025-11-01,EST005,12914.1,2835.1,670.7,False,0.2195352366792885,0.05193548137307284
2025-12-01,EST005,11197.3,2262.6,636.0,False,0.20206656961946184,0.05679940699990176
2019-01-01,EST006,7999.1,1533.8,394.1,False,0.19174657148929253,0.049268042654798665
2019-02-01,EST006,7065.7,1467.2,330.1,False,0.20765104660543188,0.046718654910341516
2019-03-01,EST006,8203.9,1540.6,446.0,False,0.18778873462621437,0.05436438766927925
2019-04-01,EST006,7724.3,1718.8,389.2,False,0.22251854536980697,0.05038644278445943
2019-05-01,EST006,9751.8,2148.2,496.5,False,0.22028753665989867,0.05091367747492771
2019-06-01,EST006,10158.6,1960.6,465.6,False,0.19299903530013976,0.04583308723643022
2019-07-01,EST006,8251.1,1572.4,341.7,False,0.19056853025657186,0.04141266013016446
2019-08-01,EST006,9189.9,1562.3,470.3,False,0.17000184985690814,0.05117574728778333
2019-09-01,EST006,8612.7,1531.1,469.6,False,0.17777235942271294,0.05452413296643329
2019-10-01,EST006,7818.3,1406.6,382.1,False,0.17991123389995267,0.04887251704334702
2019-11-01,EST006,8643.2,1746.2,494.2,False,0.20203165494261383,0.057177897075157344
2019-12-01,EST006,6874.6,1341.3,319.5,False,0.1951095336455939,0.04647543129782096
2020-01-01,EST006,7134.1,1282.9,319.1,False,0.1798264672488471,0.044728837554842235
2020-02-01,EST006,7229.7,1415.4,359.1,False,0.19577575833022118,0.049670110792978964
2020-03-01,EST006,7956.7,1651.7,394.5,False,0.20758605954729978,0.049580856385184814
2020-04-01,EST006,8926.6,1856.0,480.7,False,0.2079179082741469,0.053850290144063805
2020-05-01,EST006,8891.2,1524.9,410.1,False,0.1715066582688501,0.04612425769299982
2020-06-01,EST006,7302.1,1446.4,415.1,False,0.19808000438230097,0.05684666054970488
2020-07-01,EST006,8497.0,1523.1,508.4,False,0.17925150052959868,0.05983288219371543
2020-08-01,EST006,9509.4,2030.5,473.6,False,0.21352556417860225,0.04980335247229058
2020-09-01,EST006,8223.7,1741.5,462.6,False,0.21176599340929264,0.05625205199606016
2020-10-01,EST006,7971.6,1486.9,356.5,False,0.18652466255205982,0.04472126047468513
2020-11-01,EST006,7471.4,1408.4,413.7,False,0.1885055009770592,0.05537114864683995
2020-12-01,EST006,7258.7,1401.5,400.9,False,0.19307865044704975,0.05523027539366553
2021-01-01,EST006,7826.9,1330.6,425.1,False,0.17000344964162056,0.054312690848228554
2021-02-01,EST006,7538.2,1545.6,376.3,False,0.20503568491151733,0.04991907882518373
2021-03-01,EST006,9106.8,1784.1,364.3,False,0.19590855185136383,0.04000307462555454
2021-04-01,EST006,9740.6,2089.9,455.8,False,0.21455557152536806,0.04679383200213539
2021-05-01,EST006,9441.8,1732.8,442.5,False,0.1835243279883073,0.046866063674299394
2021-06-01,EST006,9591.2,1829.2,432.6,False,0.1907164901159396,0.04510384519142547
2021-07-01,EST006,9313.2,1652.2,471.4,False,0.17740411459004424,0.05061632951080187
2021-08-01,EST006,7307.7,1351.5,350.1,False,0.18494191058746254,0.04790837062276777
2021-09-01,EST006,8431.0,1536.7,386.8,False,0.18226782113628276,0.04587830625074131
2021-10-01,EST006,7756.1,1667.1,346.7,False,0.2149404984463841,0.04470030040871056
2021-11-01,EST006,8459.5,1603.3,392.7,False,0.18952656776405225,0.04642118328506413
2021-12-01,EST006,7669.6,1548.2,426.5,False,0.20186189631793053,0.05560915823511004
2022-01-01,EST006,7734.3,1502.7,361.2,False,0.19429036887630427,0.04670105891935922
2022-02-01,EST006,7833.9,1417.6,371.5,False,0.1809571222507308,0.04742210137990018
2022-03-01,EST006,7871.5,1554.4,375.6,False,0.19747189226958015,0.04771644540430668
2022-04-01,EST006,9529.9,1991.6,492.6,False,0.20898435450529387,0.05168994428063254
2022-05-01,EST006,9705.05,1772.6,509.5,False,0.18264717853076493,0.05249844153301632
2022-06-01,EST006,9880.2,2096.0,395.2,False,0.21214145462642456,0.0399991902997915
2022-07-01,EST006,9963.2,1865.7,549.1,False,0.18725911353781916,0.05511281515978802
2022-08-01,EST006,9501.4,1831.4,543.3,False,0.19275054202538575,0.05718104700359947
2022-09-01,EST006,8157.9,1696.5,365.1,False,0.20795793034972238,0.04475416467473247
2022-10-01,EST006,8246.2,1567.2,372.2,False,0.1900511750867066,0.045135941403313035
2022-11-01,EST006,7354.6,1475.1,351.2,False,0.20056835177983845,0.04775242705245696
2022-12-01,EST006,7626.1,1489.2,352.5,False,0.19527674696109412,0.04622283998374005
2023-01-01,EST006,8138.6,1643.5,416.0,False,0.20193890841176615,0.05111444228737129
2023-02-01,EST006,8566.4,1456.3,344.9,False,0.17000140082181547,0.040261953679491966
2023-03-01,EST006,9502.9,1639.8,422.0,False,0.17255785076134653,0.04440749665891465
2023-04-01,EST006,10681.2,2234.9,616.3,False,0.20923678987379696,0.0576995094184174
2023-05-01,EST006,12025.7,2592.2,545.5,False,0.21555501966621482,0.04536118479589545
2023-06-01,EST006,10724.7,1998.5,602.9,False,0.18634553880295018,0.05621602469066733
2023-07-01,EST006,10814.8,2123.4,560.0,False,0.19634204978362987,0.051780892850538156
2023-08-01,EST006,10703.5,2188.0,438.3,False,0.20441911524267764,0.040949222217031817
2023-09-01,EST006,10852.4,2283.3,577.1,False,0.2103958571375917,0.05317717739854779
2023-10-01,EST006,9666.3,1643.3,477.6,False,0.17000300011379743,0.049408770677508464
2023-11-01,EST006,6606.8,1233.6,315.3,False,0.18671671611067384,0.04772355754677
2023-12-01,EST006,8988.0,1752.8,460.4,False,0.19501557632398753,0.051223854027592344
2024-01-01,EST006,8924.0,1878.9,467.4,False,0.21054459883460333,0.05237561631555356
2024-02-01,EST006,8805.6,2025.3,471.4,False,0.2300013627691469,0.05353411465431089
2024-03-01,EST006,9973.0,1960.5,557.4,False,0.19658076807379926,0.05589090544470069
2024-04-01,EST006,10979.0,1964.1,571.4,False,0.17889607432370888,0.0520448128244831
2024-05-01,EST006,11229.6,2313.7,484.2,False,0.20603583386763552,0.0431181876469331
2024-06-01,EST006,10216.9,2245.8,486.6,False,0.21981227182413454,0.04762697099903102
2024-07-01,EST006,11052.1,2228.3,663.1,False,0.20161779209381023,0.059997647505903855
2024-08-01,EST006,10712.75,1735.3,499.2,True,0.1619845511189937,0.04659867914401064
2024-09-01,EST006,10373.4,2223.7,622.4,False,0.21436558891009697,0.05999961439836505
2024-10-01,EST006,8745.9,1836.2,498.3,False,0.20994980505150987,0.056975268411484245
2024-11-01,EST006,9256.5,1708.8,474.0,False,0.18460541241289904,0.05120725976340949
2024-12-01,EST006,7869.9,1619.0,405.4,False,0.2057205301210943,0.05151272570172429
2025-01-01,EST006,9262.9,1991.1,461.5,False,0.214954279977113,0.049822409828455455
2025-02-01,EST006,9624.8,2095.6,397.6,False,0.21772919956778322,0.04130994929764775
2025-03-01,EST006,10119.7,2013.9,506.9,False,0.19900787572754133,0.050090417700129446
2025-04-01,EST006,9586.6,1865.8,537.4,False,0.19462583189034693,0.05605741347297269
2025-05-01,EST006,10179.75,2222.4,478.3,False,0.21831577396301483,0.046985436773987574
2025-06-01,EST006,10772.9,1959.0,560.8,False,0.18184518560461901,0.05205654930427275
2025-07-01,EST006,9522.8,1967.2,516.7,False,0.20657789725710926,0.05425925148065696
2025-08-01,EST006,9037.5,1621.8,410.8,False,0.17945228215767633,0.04545504840940526
2025-09-01,EST006,10594.7,2288.3,505.8,False,0.21598535116614911,0.047740851557854395
2025-10-01,EST006,8615.0,1689.7,386.9,False,0.19613464886825305,0.044910040626813696
2025-11-01,EST006,9384.1,2055.4,430.6,False,0.2190300614869833,0.04588612653317846
2025-12-01,EST006,8494.1,1761.4,370.0,False,0.20736746682991725,0.04355964728458577
2019-01-01,EST007,8207.5,1490.9,373.4,False,0.18165092902832777,0.0454949741090466
2019-02-01,EST007,9409.5,2083.0,537.3,False,0.22137201764174505,0.05710186513629842
2019-03-01,EST007,10701.7,2389.4,486.1,False,0.22327293794443873,0.04542268985301401
2019-04-01,EST007,9570.6,2040.8,484.6,False,0.2132363697155873,0.05063423400831714
2019-05-01,EST007,9019.1,1700.8,428.3,False,0.1885775742590724,0.0474881085695912
2019-06-01,EST007,11027.5,2154.9,616.4,False,0.19541147132169576,0.05589662208116073
2019-07-01,EST007,9898.6,2001.3,559.8,False,0.20218010627765542,0.056553452003313597
2019-08-01,EST007,10456.9,1981.0,568.0,False,0.18944429037286387,0.05431820137899378
2019-09-01,EST007,9881.5,2227.1,509.2,False,0.22538076203005616,0.05153063806102312
2019-10-01,EST007,8959.0,1811.2,437.6,False,0.20216542024779552,0.04884473713584105
2019-11-01,EST007,8887.2,1510.8,391.4,False,0.16999729948690248,0.04404086776487532
2019-12-01,EST007,7894.1,1619.0,471.4,False,0.20508987725009817,0.05971548371568639
2020-01-01,EST007,8959.8,1745.2,414.0,False,0.1947811335074444,0.04620638853545839
2020-02-01,EST007,10520.1,2092.2,560.9,False,0.19887643653577436,0.05331698367886237
2020-03-01,EST007,8775.0,1706.5,485.2,False,0.19447293447293448,0.05529344729344729
2020-04-01,EST007,11166.8,2368.5,527.3,False,0.2121019450514024,0.04722033169753197
2020-05-01,EST007,11420.7,2476.0,630.3,False,0.21679932053201642,0.0551892616039297
2020-06-01,EST007,12193.75,2073.0,546.2,True,0.17000512557662736,0.04479343926191697
2020-07-01,EST007,12966.8,2527.4,760.4,False,0.19491316284665455,0.05864207051855508
2020-08-01,EST007,11587.1,2310.2,552.2,False,0.19937689326923905,0.04765644552994278
2020-09-01,EST007,10166.2,2036.2,442.9,False,0.20029116090574647,0.043565934174027654
2020-10-01,EST007,10520.4,1977.5,499.4,False,0.18796813809360863,0.04746967795901297
2020-11-01,EST007,9958.0,2078.1,508.3,False,0.20868648322956415,0.051044386422976505
2020-12-01,EST007,9172.1,1783.6,433.5,False,0.19445928413340455,0.047262895084004754
2021-01-01,EST007,8386.2,1871.0,402.8,False,0.22310462426367125,0.0480312894994157
2021-02-01,EST007,10002.6,2188.9,404.6,False,0.2188331033931178,0.04044948313438506
2021-03-01,EST007,11446.4,2171.6,599.2,False,0.1897190383002516,0.05234833659491194
2021-04-01,EST007,11432.0,2427.1,684.3,False,0.21230755773268017,0.05985829251224632
2021-05-01,EST007,11229.3,2085.7,587.5,False,0.185737312210022,0.0523184882405849
2021-06-01,EST007,11146.7,2345.7,591.3,False,0.21043896399831338,0.05304709017018489
2021-07-01,EST007,11514.6,2213.7,608.7,False,0.19225157625970504,0.0528633213485488
2021-08-01,EST007,12410.2,2291.6,645.1,False,0.18465455834716601,0.05198143462635574
2021-09-01,EST007,11411.2,2330.2,623.7,False,0.2042028883903533,0.05465682837913629
2021-10-01,EST007,10494.4,1784.0,545.5,False,0.16999542613203233,0.051980103674340604
2021-11-01,EST007,9289.5,1613.9,450.0,False,0.17373378545669843,0.04844178911674471
2021-12-01,EST007,8702.1,1717.3,400.5,False,0.19734317003941576,0.04602337366842486
2022-01-01,EST007,9862.2,1984.6,480.8,False,0.20123299061061425,0.04875179980126138
2022-02-01,EST007,9402.4,1828.4,484.9,False,0.19446098868374034,0.05157193907938399
2022-03-01,EST007,10213.8,1800.8,494.5,False,0.17631048189704127,0.04841488965908869
2022-04-01,EST007,11306.5,2122.6,583.1,False,0.187732720116747,0.05157210454163534
2022-05-01,EST007,8909.1,1834.1,465.0,False,0.20586815727739052,0.05219382429201603
2022-06-01,EST007,12677.3,2646.1,686.7,False,0.20872741041073414,0.05416768554818456
2022-07-01,EST007,12744.3,2545.8,719.0,False,0.19975989265789415,0.056417378749715565
2022-08-01,EST007,11556.1,2511.7,582.3,False,0.21734841339206132,0.05038897205804726
2022-09-01,EST007,11188.45,2331.4,492.0,False,0.20837560162488994,0.04397391953308993
2022-10-01,EST007,10820.8,2042.8,522.4,False,0.18878456306372912,0.048277391690078365
2022-11-01,EST007,9347.6,1830.2,469.4,False,0.19579357268175787,0.05021609824981813
2022-12-01,EST007,9013.1,1613.0,367.9,False,0.17896173347682817,0.040818364380734704
2023-01-01,EST007,9125.8,1810.4,519.7,False,0.19838260755221462,0.056948431918297585
2023-02-01,EST007,9858.7,2136.2,500.0,False,0.2166817125990242,0.050716625924310504
2023-03-01,EST007,11567.5,2432.4,600.4,False,0.21027879835746704,0.05190404149556948
2023-04-01,EST007,9820.6,2170.6,558.1,False,0.22102519194346576,0.05682952161782376
2023-05-01,EST007,11658.2,2278.7,546.2,False,0.19545899023863028,0.046851143401211166
2023-06-01,EST007,13766.4,3031.2,727.8,False,0.22018828451882844,0.05286785216178522
2023-07-01,EST007,12034.0,2371.9,595.1,False,0.19709988366295497,0.04945155393053017
2023-08-01,EST007,11524.0,2559.2,565.6,False,0.222075668170774,0.049080180492884415
2023-09-01,EST007,11169.8,2230.3,515.4,False,0.19967233074898388,0.046142276495550506
2023-10-01,EST007,9062.4,1908.6,528.6,False,0.2106064618644068,0.05832891949152543
2023-11-01,EST007,8456.6,1878.4,407.0,False,0.22212236596268004,0.048128089303029586
2023-12-01,EST007,8869.6,1748.2,474.5,False,0.19710020745016685,0.05349733922612068
2024-01-01,EST007,9714.0,1974.6,394.6,False,0.20327362569487337,0.04062178299361746
2024-02-01,EST007,10001.1,2193.6,559.1,False,0.21933587305396404,0.05590385057643659
2024-03-01,EST007,10743.4,2127.2,593.7,False,0.1980006329467394,0.05526183517322263
2024-04-01,EST007,11164.1,2011.6,563.6,False,0.18018469916965987,0.05048324540267465
2024-05-01,EST007,10012.0,2302.8,489.2,False,0.23000399520575313,0.04886136636036756
2024-06-01,EST007,11298.9,2180.2,587.5,False,0.19295683650620857,0.05199621202063918
2024-07-01,EST007,11692.8,2366.4,701.6,False,0.2023809523809524,0.060002736726874666
2024-08-01,EST007,11872.0,2580.3,488.9,False,0.21734332884097038,0.041180929919137466
2024-09-01,EST007,11921.3,2275.4,642.7,False,0.19086844555543442,0.05391190558076721
2024-10-01,EST007,11649.9,2153.9,529.4,False,0.18488570717345215,0.04544245014978669
2024-11-01,EST007,9330.4,1901.6,465.6,False,0.20380691074337648,0.04990139758209723
2024-12-01,EST007,10170.0,1760.5,495.9,False,0.17310717797443462,0.048761061946902655
2025-01-01,EST007,9566.4,1872.0,457.8,False,0.19568489713998996,0.047854992473657806
2025-02-01,EST007,9362.6,1906.9,467.6,False,0.20367205690726936,0.049943391792878045
2025-03-01,EST007,11110.6,2177.1,492.5,False,0.195948013608626,0.044327039043796014
2025-04-01,EST007,9794.3,1732.1,540.1,False,0.17684775839008404,0.055144318634307715
2025-05-01,EST007,10712.7,2398.7,439.5,False,0.22391180561389748,0.04102607185863508
2025-06-01,EST007,12584.7,2536.5,663.2,False,0.20155426827814726,0.05269891217112843
2025-07-01,EST007,11966.9,2650.3,578.8,False,0.22146921926313418,0.04836674493812098
2025-08-01,EST007,11695.2,2293.4,516.3,False,0.19609754429167522,0.04414631643751282
2025-09-01,EST007,11130.1,2079.1,567.8,False,0.18679975921150752,0.05101481568000287
2025-10-01,EST007,10091.7,2059.1,426.0,False,0.20403896271193156,0.04221290763696899
2025-11-01,EST007,9901.6,1948.3,497.0,False,0.19676617920336106,0.050193908055263796
2025-12-01,EST007,9021.2,1644.9,386.9,False,0.18233716135325675,0.04288786414224271
2019-01-01,EST008,6389.4,1418.7,334.2,False,0.2220396281340971,0.052305380786928354
2019-02-01,EST008,5623.7,1072.2,255.2,False,0.19065739637605136,0.045379376567028826
2019-03-01,EST008,7077.2,1220.1,337.9,False,0.17239868874696207,0.047744870852879664
2019-04-01,EST008,6705.8,1474.8,345.1,False,0.21992901667213455,0.0514629127024367
2019-05-01,EST008,7676.0,1477.1,354.1,False,0.19243095362167795,0.04613079729025534
2019-06-01,EST008,7040.4,1343.9,350.0,False,0.19088404067950687,0.04971308448383615
2019-07-01,EST008,7740.8,1343.2,328.4,False,0.17352211657709798,0.042424555601488216
2019-08-01,EST008,7262.7,1642.2,386.0,False,0.2261142550291214,0.053148278188552465
2019-09-01,EST008,7084.8,1279.9,416.8,False,0.18065435862691961,0.05883017163504969
2019-10-01,EST008,6911.6,1388.4,414.7,False,0.20087968053706812,0.060000578737195435
2019-11-01,EST008,6150.7,1314.3,310.3,False,0.2136829954314143,0.05044954232851546
2019-12-01,EST008,6678.95,1121.9,293.3,True,0.16797550513179468,0.0439140882923214
2020-01-01,EST008,7207.2,1435.0,296.2,False,0.19910644910644912,0.041097791097791096
2020-02-01,EST008,7820.4,1364.5,449.8,False,0.17447956626259528,0.057516239578538186
2020-03-01,EST008,7734.5,1453.0,416.7,False,0.18785959014803802,0.053875492921326526
2020-04-01,EST008,8455.4,1714.9,402.3,False,0.2028171346122005,0.047579061901270196
2020-05-01,EST008,8595.2,1617.6,482.9,False,0.18819806403574085,0.05618252047654504
2020-06-01,EST008,7893.6,1602.8,384.6,False,0.20305057261579,0.048723016114320464
2020-07-01,EST008,8923.3,1875.9,425.7,False,0.21022491679087335,0.04770656595654074
2020-08-01,EST008,7667.2,1644.1,401.6,False,0.21443290901502504,0.05237896494156929
2020-09-01,EST008,8334.9,1513.7,372.4,False,0.1816098573468188,0.04467960023515579
2020-10-01,EST008,7230.6,1663.0,398.5,False,0.22999474455785135,0.055112992006195884
2020-11-01,EST008,7355.8,1555.8,329.0,False,0.21150656624704314,0.044726610293917723
2020-12-01,EST008,6392.5,1278.3,286.1,False,0.19996871333594055,0.044755572937035595
2021-01-01,EST008,7518.8,1626.6,341.7,False,0.2163377134649146,0.04544608182156727
2021-02-01,EST008,7900.4,1817.1,425.0,False,0.2300010126069566,0.0537947445698952
2021-03-01,EST008,7708.2,1375.3,361.6,False,0.17842038348771438,0.04691108170519707
2021-04-01,EST008,9010.9,1771.7,389.8,False,0.19661743000144272,0.04325871999467312
2021-05-01,EST008,7374.4,1253.6,346.4,False,0.16999349099587763,0.04697331308309829
2021-06-01,EST008,9328.4,1892.6,464.9,False,0.2028858110715664,0.04983705672998585
2021-07-01,EST008,9890.8,2032.4,436.1,False,0.20548388401342665,0.04409147895013549
2021-08-01,EST008,10405.5,2075.0,460.4,False,0.19941377156311565,0.04424583153140166
2021-09-01,EST008,8543.1,1624.7,512.6,False,0.19017686788168228,0.0600016387494001
2021-10-01,EST008,8537.5,1451.4,390.1,False,0.17000292825768668,0.045692532942898975
2021-11-01,EST008,7685.8,1580.2,371.9,False,0.2055999375471649,0.04838793619402014
2021-12-01,EST008,7501.9,1664.2,361.3,False,0.2218371345925699,0.048161132513096686
2022-01-01,EST008,6804.2,1300.5,325.9,False,0.1911319479145234,0.047896887216719086
2022-02-01,EST008,7984.7,1649.6,424.0,False,0.20659511315390683,0.05310155672724085
2022-03-01,EST008,7576.5,1337.1,414.7,False,0.17647990496931298,0.05473503596647528
2022-04-01,EST008,7722.4,1597.4,374.3,False,0.2068527918781726,0.048469387755102046
2022-05-01,EST008,8861.7,1720.0,388.3,False,0.1940936840561066,0.043817777627317554
2022-06-01,EST008,8884.6,1675.3,500.8,False,0.18856223127659094,0.056367197172635795
2022-07-01,EST008,8030.6,1514.5,397.7,False,0.18859113889373147,0.049523074241028066
2022-08-01,EST008,9238.1,1793.1,541.8,False,0.1940983535575497,0.05864842337710134
2022-09-01,EST008,10055.8,2068.8,402.2,False,0.20573201535432292,0.03999681775691641
2022-10-01,EST008,7980.7,1439.1,406.8,False,0.18032252809903893,0.05097297229566329
2022-11-01,EST008,8490.3,1647.5,506.0,False,0.19404496896458312,0.059597422941474396
2022-12-01,EST008,6715.4,1338.9,323.9,False,0.1993775501087054,0.04823242100247193
2023-01-01,EST008,7759.6,1424.0,379.2,False,0.18351461415536882,0.04886849837620495
2023-02-01,EST008,7645.8,1735.2,393.6,False,0.22694812838421094,0.05147924350623872
2023-03-01,EST008,8400.6,1572.6,396.6,False,0.1872009142204128,0.04721091350617813
2023-04-01,EST008,9878.8,1876.6,478.5,False,0.18996234360448638,0.04843705713244524
2023-05-01,EST008,9482.9,1757.4,458.1,False,0.18532305518354092,0.04830800704425862
2023-06-01,EST008,8752.5,1986.6,410.2,False,0.2269751499571551,0.04686660954013139
2023-07-01,EST008,8775.1,1827.8,492.7,False,0.20829392257638088,0.05614750829050381
2023-08-01,EST008,7990.7,1485.9,418.0,False,0.18595367114270342,0.05231081131815736
2023-09-01,EST008,9636.7,2087.2,493.9,False,0.21658866624466877,0.05125198460053752
2023-10-01,EST008,7991.8,1622.4,431.9,False,0.2030080832853675,0.05404289396631547
2023-11-01,EST008,8399.8,1712.4,408.9,False,0.20386199671420752,0.04867973046977309
2023-12-01,EST008,7716.7,1503.5,356.0,False,0.19483717132971348,0.04613371000557233
2024-01-01,EST008,8238.3,1555.1,387.1,False,0.18876467232317348,0.04698784943495625
2024-02-01,EST008,7970.4,1634.5,398.6,False,0.20507126367559972,0.05001003713740842
2024-03-01,EST008,8088.6,1551.6,361.6,False,0.19182553223054669,0.044704893306629086
2024-04-01,EST008,9980.4,2268.1,474.1,False,0.22725542062442386,0.04750310608793235
2024-05-01,EST008,9772.2,1768.4,463.4,False,0.18096232168805387,0.04742023290558932
2024-06-01,EST008,9099.9,2029.7,546.0,False,0.22304640710337478,0.060000659347904925
2024-07-01,EST008,10430.4,2068.7,417.2,False,0.1983337168277343,0.039998466022396074
2024-08-01,EST008,10691.7,2186.3,525.0,False,0.2044857225698439,0.049103510199500544
2024-09-01,EST008,10582.3,2248.7,620.4,False,0.21249633822514954,0.05862619657352371
2024-10-01,EST008,9804.4,1868.2,496.2,False,0.1905471013014565,0.05060993023540451
2024-11-01,EST008,8331.3,1774.3,447.9,False,0.21296796418326072,0.053761117712721906
2024-12-01,EST008,8677.5,1475.2,438.2,False,0.17000288101411698,0.05049841544223566
2025-01-01,EST008,8916.4,1687.0,416.1,False,0.18920192005742228,0.04666681620384909
2025-02-01,EST008,8942.5,1664.5,357.7,False,0.1861336315348057,0.04
2025-03-01,EST008,9568.8,1733.8,488.3,False,0.18119304405986122,0.05103043223810719
2025-04-01,EST008,8929.1,1757.0,411.8,False,0.19677235107681623,0.046118869762910034
2025-05-01,EST008,10269.0,2113.2,472.4,False,0.2057843996494303,0.04600253189210244
2025-06-01,EST008,10631.55,2436.6,549.8,True,0.22918577253551928,0.05171400219159013
2025-07-01,EST008,10994.1,2238.5,645.6,False,0.20360920857550868,0.05872240565394166
2025-08-01,EST008,10501.3,1995.4,630.1,False,0.19001456962471316,0.060002094978716926
2025-09-01,EST008,7989.1,1642.0,408.1,False,0.20553003467224093,0.05108209936037852
2025-10-01,EST008,9819.6,1982.2,468.2,False,0.20186158295653592,0.047680149904273085
2025-11-01,EST008,8748.2,1872.5,385.9,False,0.21404403191513682,0.044111931597357164
2025-12-01,EST008,8931.6,1890.4,467.5,False,0.21165300729992387,0.0523422455103229
2019-01-01,EST009,6082.2,1219.2,358.3,False,0.2004537831705633,0.05890960507711026
2019-02-01,EST009,7076.5,1320.1,345.1,False,0.18654702183282695,0.048767045856002264
2019-03-01,EST009,5564.9,1058.5,222.6,False,0.19021006666786466,0.04000071879099355
2019-04-01,EST009,5770.9,1106.6,307.9,False,0.19175518549966208,0.05335389627267844
2019-05-01,EST009,6553.9,1279.8,360.0,False,0.19527304353133249,0.054929126169151195
2019-06-01,EST009,7164.6,1461.7,301.4,False,0.20401697233620858,0.042067945174887635
2019-07-01,EST009,5937.9,1251.3,302.1,False,0.2107310665386753,0.05087657252564039
2019-08-01,EST009,7083.7,1411.3,370.2,False,0.1992320397532363,0.05226082414557364
2019-09-01,EST009,7401.7,1482.1,367.4,False,0.2002377832119648,0.04963724549765594
2019-10-01,EST009,5654.1,1143.0,260.3,False,0.2021541889955961,0.04603738879750977
2019-11-01,EST009,7487.9,1439.6,412.4,False,0.19225684103687282,0.05507552184190494
2019-12-01,EST009,5862.8,1091.2,281.3,False,0.18612267176093333,0.04798048713925087
2020-01-01,EST009,5857.7,1017.3,249.4,False,0.1736688461341482,0.04257643785103368
2020-02-01,EST009,6253.0,1185.4,250.1,False,0.18957300495762036,0.039996801535263075
2020-03-01,EST009,6848.8,1418.4,385.6,False,0.20710197406844996,0.056301833897909125
2020-04-01,EST009,6112.5,1158.1,324.5,False,0.1894642126789366,0.0530879345603272
2020-05-01,EST009,7384.0,1450.5,372.4,False,0.19643824485373781,0.050433369447453955
2020-06-01,EST009,6439.2,1332.9,307.8,False,0.20699776369735373,0.047800969064480066
2020-07-01,EST009,6063.1,1260.0,287.1,False,0.2078144843396942,0.04735201464597318
2020-08-01,EST009,6761.9,1242.9,301.7,False,0.1838092843727355,0.04461763705467398
2020-09-01,EST009,5563.7,1196.0,266.2,False,0.2149648615130219,0.04784585797221273
2020-10-01,EST009,6296.4,1365.8,251.9,False,0.21691760371005656,0.04000698812019567
2020-11-01,EST009,6272.7,1148.2,290.5,False,0.1830471726688667,0.04631179555853142
2020-12-01,EST009,5974.7,1121.1,289.4,False,0.18764122047968934,0.04843757845582205
2021-01-01,EST009,7609.4,1657.8,403.7,False,0.2178621179067995,0.053052803111940494
2021-02-01,EST009,6802.8,1345.6,338.8,False,0.19780090550949608,0.049803022284941496
2021-03-01,EST009,8279.7,1407.5,446.9,False,0.16999408191118034,0.05397538558160319
2021-04-01,EST009,6315.5,1130.5,358.4,False,0.17900403768506057,0.05674926767476842
2021-05-01,EST009,6568.9,1289.2,363.2,False,0.19625812540912482,0.05529084017110932
2021-06-01,EST009,7977.1,1456.3,417.6,False,0.18256007822391596,0.052349851449774984
2021-07-01,EST009,7735.7,1499.2,387.2,False,0.19380275863852012,0.05005364737515674
2021-08-01,EST009,7427.9,1489.2,335.0,False,0.20048735174140742,0.04510023021311542
2021-09-01,EST009,6887.7,1528.6,369.9,False,0.2219318495288703,0.05370442963543708
2021-10-01,EST009,7590.0,1484.9,443.2,False,0.19563899868247694,0.05839262187088274
2021-11-01,EST009,6555.3,1416.5,339.0,False,0.21608469482708648,0.05171388037160771
2021-12-01,EST009,7175.8,1588.9,427.6,False,0.22142478887371445,0.05958917472616294
2022-01-01,EST009,6995.6,1549.6,296.4,False,0.22151066384584595,0.042369489393332946
2022-02-01,EST009,7165.5,1463.7,316.9,False,0.20427046263345197,0.04422580420068383
2022-03-01,EST009,7750.2,1321.8,420.6,False,0.17055043740806689,0.054269567236974535
2022-04-01,EST009,6771.5,1401.1,347.5,False,0.20691131950084912,0.05131802407147604
2022-05-01,EST009,6558.8,1414.9,371.0,False,0.21572543758004514,0.056565225346099895
2022-06-01,EST009,7541.2,1499.1,376.5,False,0.19878799130111918,0.04992574126133772
2022-07-01,EST009,7671.6,1735.1,350.3,False,0.22617185463267112,0.04566192189373794
2022-08-01,EST009,8581.7,1827.0,419.9,False,0.21289488096764042,0.04892969924373958
2022-09-01,EST009,5943.4,1239.3,251.6,False,0.20851701046539017,0.042332671534811725
2022-10-01,EST009,8830.3,1910.0,391.7,False,0.21630069193572135,0.044358628812158137
2022-11-01,EST009,7482.8,1534.0,410.5,False,0.2050034746351633,0.054859143636072055
2022-12-01,EST009,6487.1,1102.8,352.7,False,0.16999892093539484,0.054369440890382446
2023-01-01,EST009,5970.9,1149.5,309.4,False,0.19251704098209652,0.051817983888526015
2023-02-01,EST009,7222.9,1574.3,299.0,False,0.21795954533497627,0.04139611513381052
2023-03-01,EST009,6832.7,1283.8,329.4,False,0.18789058498104702,0.0482093462320898
2023-04-01,EST009,7787.6,1531.4,341.7,False,0.19664594997174997,0.04387744619651754
2023-05-01,EST009,6580.6,1213.0,367.7,False,0.18432969638026928,0.05587636385739902
2023-06-01,EST009,7760.3,1759.7,365.4,False,0.22675669755035244,0.0470858085383297
2023-07-01,EST009,7709.7,1736.4,343.6,False,0.22522277131405893,0.044567233485090216
2023-08-01,EST009,7866.8,1469.1,394.5,False,0.18674683479941018,0.05014745512787919
2023-09-01,EST009,6622.3,1339.1,309.9,False,0.20221071229029186,0.046796430243268954
2023-10-01,EST009,6105.2,1158.7,350.6,False,0.18978903230033414,0.05742645613575313
2023-11-01,EST009,7792.3,1630.3,361.0,False,0.2092193575709354,0.0463277851212094
2023-12-01,EST009,7459.3,1548.9,320.8,False,0.2076468301315137,0.043006716447924066
2024-01-01,EST009,6948.7,1474.3,277.9,False,0.21216918272482624,0.039993092233079564
2024-02-01,EST009,6755.8,1384.8,336.8,False,0.20497942508659225,0.04985345924982978
2024-03-01,EST009,7909.2,1819.1,373.2,False,0.22999797703939714,0.04718555606129571
2024-04-01,EST009,8789.9,1622.4,376.7,False,0.18457547867438767,0.04285600518777233
2024-05-01,EST009,6399.9,1115.8,358.0,False,0.1743464741636588,0.055938374037094334
2024-06-01,EST009,8080.1,1568.4,431.0,False,0.19410650858281459,0.053340923998465364
2024-07-01,EST009,8153.4,1438.9,406.5,False,0.17647852429661248,0.049856501582162045
2024-08-01,EST009,8893.7,1579.6,505.4,False,0.17760886919954572,0.05682674252560801
2024-09-01,EST009,6976.6,1290.5,371.9,False,0.18497548949344952,0.05330676833987902
2024-10-01,EST009,6649.8,1238.0,305.1,False,0.18617101266203495,0.045881079130199405
2024-11-01,EST009,7855.5,1458.6,352.0,False,0.18567882375405764,0.044809369231748455
2024-12-01,EST009,6154.3,1278.7,332.9,False,0.20777342670978016,0.054092260695773685
2025-01-01,EST009,8171.3,1572.2,424.8,False,0.1924051252554673,0.051986831960642736
2025-02-01,EST009,6801.4,1342.0,345.8,False,0.19731231805216573,0.05084247360837475
2025-03-01,EST009,8301.5,1771.7,379.9,False,0.21341926157923266,0.045762813949286274
2025-04-01,EST009,7271.3,1370.7,385.7,False,0.18850824474303082,0.05304415991638359
2025-05-01,EST009,7680.6,1505.6,355.0,False,0.19602635210790822,0.04622034736869515
2025-06-01,EST009,8059.3,1656.1,398.9,False,0.20548931048602234,0.049495613762981894
2025-07-01,EST009,7311.7,1249.4,418.5,False,0.17087681387365458,0.057237031059808256
2025-08-01,EST009,7069.7,1201.8,330.1,False,0.1699930690128294,0.046692221735009976
2025-09-01,EST009,7594.3,1558.3,320.0,False,0.20519336871074356,0.04213686580725017
2025-10-01,EST009,7295.2,1512.9,326.4,False,0.20738293672551816,0.044741747998684064
2025-11-01,EST009,7669.9,1764.1,421.6,False,0.23000299873531596,0.05496812213979322
2025-12-01,EST009,6348.8,1284.8,325.5,False,0.20236895161290322,0.05126953125
2019-01-01,EST010,8614.3,1828.8,425.2,False,0.21229815539277713,0.049359785472992586
2019-02-01,EST010,7926.9,1562.1,376.2,False,0.19706316466714605,0.04745865344586156
2019-03-01,EST010,7777.5,1590.2,407.7,False,0.20446158791385408,0.05242044358727097
2019-04-01,EST010,8996.7,2024.3,411.6,False,0.2250047239543388,0.04575010837307013
2019-05-01,EST010,7367.5,1252.5,379.6,False,0.170003393281303,0.05152358330505599
2019-06-01,EST010,7292.4,1503.7,338.0,False,0.20620097635894907,0.0463496242663595
2019-07-01,EST010,10549.0,2426.3,480.1,False,0.23000284387145703,0.04551142288368566
2019-08-01,EST010,8781.6,1793.5,411.1,False,0.20423385260089277,0.046813792475175364
2019-09-01,EST010,9621.9,2162.6,463.0,False,0.2247581039087914,0.04811939429842339
2019-10-01,EST010,7246.2,1380.8,360.5,False,0.19055504954320884,0.04975021390521929
2019-11-01,EST010,7601.2,1516.6,389.0,False,0.19952112824290902,0.051176130084723465
2019-12-01,EST010,7239.1,1451.5,289.6,False,0.2005083504855576,0.04000497299388046
2020-01-01,EST010,7944.7,1350.6,365.2,False,0.1700001258700769,0.045967752086296526
2020-02-01,EST010,7136.7,1302.3,342.9,False,0.18247929715414687,0.04804741687334482
2020-03-01,EST010,8960.7,1644.7,515.5,False,0.18354592833149194,0.057528987690693804
2020-04-01,EST010,7823.5,1661.2,348.9,False,0.21233463283696555,0.0445964082571739
2020-05-01,EST010,9536.9,2032.1,484.6,False,0.21307762480470593,0.05081315731527017
2020-06-01,EST010,8925.3,1828.4,513.0,False,0.20485585918680607,0.05747705959463548
2020-07-01,EST010,9261.3,1966.7,402.3,False,0.21235679656203774,0.04343882608273137
2020-08-01,EST010,8089.2,1597.9,420.4,False,0.19753498491816252,0.05197052860604262
2020-09-01,EST010,6965.6,1518.7,320.3,False,0.21802859768002755,0.04598311703227288
2020-10-01,EST010,8862.5,1773.7,420.8,False,0.20013540197461213,0.04748095909732017
2020-11-01,EST010,7987.7,1604.5,367.3,False,0.20087133968476534,0.045983199168721914
2020-12-01,EST010,6854.5,1343.6,317.6,False,0.19601721496826902,0.04633452476475308
2021-01-01,EST010,8638.7,1816.4,518.3,False,0.21026311829326172,0.05999745332052275
2021-02-01,EST010,7554.8,1463.2,409.6,False,0.1936781913485466,0.054217186424524805
2021-03-01,EST010,8231.3,1766.8,456.9,False,0.214644102389659,0.05550763548892642
2021-04-01,EST010,9008.2,1648.7,472.6,False,0.1830221353877578,0.05246331120534624
2021-05-01,EST010,7603.2,1395.3,319.1,False,0.18351483585858586,0.04196917087542088
2021-06-01,EST010,8736.9,1837.5,454.1,False,0.21031487140747862,0.05197495679245499
2021-07-01,EST010,9003.4,1788.7,498.5,False,0.19866939156318725,0.055367972099429105
2021-08-01,EST010,8384.7,1619.9,383.5,False,0.193197132872971,0.045738070533233144
2021-09-01,EST010,7380.2,1574.6,404.6,False,0.21335465163545703,0.05482236253760061
2021-10-01,EST010,7779.5,1485.0,416.4,False,0.19088630374702745,0.05352529082845941
2021-11-01,EST010,8527.2,1679.8,505.3,False,0.19699315132751663,0.059257435031428836
2021-12-01,EST010,7962.0,1759.5,381.5,False,0.22098718914845517,0.047915096709369505
2022-01-01,EST010,9399.6,2096.9,418.4,False,0.22308396101961786,0.04451253244818928
2022-02-01,EST010,8385.0,1874.8,404.1,False,0.2235897435897436,0.04819320214669052
2022-03-01,EST010,8481.7,1660.4,485.0,False,0.19576264192319937,0.0571819328672318
2022-04-01,EST010,11526.8,2518.2,471.0,False,0.21846479508623382,0.04086129715098727
2022-05-01,EST010,8812.1,1637.0,352.5,False,0.1857672972390236,0.04000181568525096
2022-06-01,EST010,10798.1,2012.7,544.7,False,0.1863939026310184,0.05044405960307832
2022-07-01,EST010,8817.9,1499.0,421.4,False,0.1699951235554951,0.047789156148289276
2022-08-01,EST010,8988.6,2023.3,449.8,False,0.22509623300625234,0.050041163251229336
2022-09-01,EST010,10889.2,2036.7,595.9,False,0.18703853359291775,0.05472394666274841
2022-10-01,EST010,8558.4,1695.4,404.3,False,0.19809777528510003,0.04724013834361563
2022-11-01,EST010,8967.7,1671.1,364.4,False,0.18634655485799032,0.040634722392586725
2022-12-01,EST010,8842.7,1860.7,530.6,False,0.21042215612878418,0.06000429733000102
2023-01-01,EST010,9752.3,1895.5,439.0,False,0.19436440634516988,0.0450150220973514
2023-02-01,EST010,9136.7,1648.5,408.5,False,0.18042619326452655,0.04470979675375135
2023-03-01,EST010,10383.8,2145.6,576.5,False,0.20662955758007667,0.055519174098114375
2023-04-01,EST010,9159.5,1634.9,440.4,False,0.1784922757792456,0.0480812271412195
2023-05-01,EST010,10564.7,1980.2,524.9,False,0.18743551638948572,0.04968432610485863
2023-06-01,EST010,8281.8,1407.9,434.1,False,0.16999927551981456,0.05241614141853221
2023-07-01,EST010,10255.6,1832.1,568.3,False,0.17864386286516634,0.05541362767658645
2023-08-01,EST010,8299.2,1682.1,401.1,False,0.2026821862348178,0.04832995951417004
2023-09-01,EST010,11475.9,1957.0,661.0,False,0.1705312873064422,0.05759896827264093
2023-10-01,EST010,10009.1,1779.4,400.4,False,0.17777822181814548,0.040003596726978445
2023-11-01,EST010,9672.0,1934.1,520.3,False,0.19996898263027293,0.053794458229942096
2023-12-01,EST010,9616.6,1844.9,440.5,False,0.1918453507476655,0.04580621009504399
2024-01-01,EST010,8985.6,2065.6,510.9,False,0.22987891737891736,0.05685763888888888
2024-02-01,EST010,10075.7,2316.0,516.2,False,0.22985996010202764,0.05123217245451929
2024-03-01,EST010,11165.8,2087.8,520.7,False,0.18698167618979386,0.0466334700603629
2024-04-01,EST010,9699.4,2020.9,517.1,False,0.2083530940058148,0.053312576035631075
2024-05-01,EST010,9407.2,1987.2,512.4,False,0.21124245258950589,0.054468917424951094
2024-06-01,EST010,11266.3,2152.3,599.5,False,0.19103876161650235,0.05321179091627243
2024-07-01,EST010,10528.0,1625.0,410.4,False,0.15435030395136778,0.03898176291793313
2024-08-01,EST010,9789.7,1956.1,465.8,False,0.19981204735589445,0.0475806204480219
2024-09-01,EST010,9732.6,1921.3,486.4,False,0.19740870887532622,0.04997636808252676
2024-10-01,EST010,9896.1,1914.5,492.8,False,0.19346004991865481,0.04979739493335759
2024-11-01,EST010,9814.3,2028.0,527.5,False,0.20663725380312403,0.05374810225894868
2024-12-01,EST010,9532.1,1799.1,381.3,False,0.1887412007847169,0.04000167853883194
2025-01-01,EST010,8536.4,1559.8,441.1,False,0.18272339627946207,0.05167283632444591
2025-02-01,EST010,9164.3,1847.9,444.9,False,0.2016411509880733,0.048547079427779534
2025-03-01,EST010,9281.6,1910.1,425.2,False,0.20579425961041198,0.04581106705740389
2025-04-01,EST010,9607.2,1751.9,444.7,False,0.18235281871929385,0.04628820051627945
2025-05-01,EST010,9465.6,2024.9,463.1,False,0.21392199121027722,0.04892452670723462
2025-06-01,EST010,8945.7,1551.6,357.8,False,0.17344646031054023,0.039996870004583206
2025-07-01,EST010,9752.8,1866.0,453.4,False,0.19132966942826676,0.04648921335411369
2025-08-01,EST010,9326.8,1829.3,425.5,False,0.19613372217695244,0.0456212205686838
2025-09-01,EST010,9624.3,1833.0,506.9,False,0.19045540974408529,0.05266876552060929
2025-10-01,EST010,8785.7,1682.7,403.9,False,0.19152714069453772,0.04597243247549995
2025-11-01,EST010,8879.5,2025.1,434.4,False,0.22806464327946394,0.048921673517653017
2025-12-01,EST010,8554.7,1601.8,493.7,False,0.18724210083345993,0.057710965901784976
