date,estate_id,tbs_production_ton,cpo_production_ton,kernel_production_ton
2019-01-01,EST001,8132.4,1600.4,487.9
2019-02-01,EST001,8492.3,1805.1,443.2
2019-03-01,EST001,8186.5,1597.9,413.1
2019-04-01,EST001,7936.4,1398.5,415.7
2019-05-01,EST001,8551.4,1856.5,513.1
2019-06-01,EST001,8701.2,1631.0,391.8
2019-07-01,EST001,9134.3,1818.8,405.5
2019-08-01,EST001,7770.7,1606.2,359.2
2019-09-01,EST001,8254.1,1675.5,414.0
2019-10-01,EST001,7933.2,1716.8,328.2
2019-11-01,EST001,7918.2,1640.5,396.8
2019-12-01,EST001,8680.5,1624.0,507.5
2020-01-01,EST001,8318.1,1913.2,422.2
2020-02-01,EST001,8454.1,1715.5,410.3
2020-03-01,EST001,9736.5,1925.8,456.7
2020-04-01,EST001,10093.7,2164.7,550.0
2020-05-01,EST001,8729.5,1778.6,400.4
2020-06-01,EST001,10255.2,2112.5,607.4
2020-07-01,EST001,8863.0,2038.5,528.8
2020-08-01,EST001,-500.0,1739.3,455.4
2020-09-01,EST001,10483.2,2046.7,523.6
2020-10-01,EST001,8337.2,1682.0,459.8
2020-11-01,EST001,9177.9,1983.1,509.1
2020-12-01,EST001,9028.6,1601.7,415.0
2021-01-01,EST001,8488.8,1447.5,402.1
2021-02-01,EST001,9870.8,1887.2,428.3
2021-03-01,EST001,9249.2,1623.2,481.4
2021-04-01,EST001,10205.9,1976.1,544.3
2021-05-01,EST001,10662.4,2212.8,461.2
2021-06-01,EST001,9147.5,1707.3,436.6
2021-07-01,EST001,8785.1,1569.0,380.1
2021-08-01,EST001,10264.4,2063.6,467.1
2021-09-01,EST001,10339.8,2201.7,545.5
2021-10-01,EST001,8735.4,1525.0,404.7
2021-11-01,EST001,8831.0,1874.9,428.3
2021-12-01,EST001,9112.9,1934.3,381.5
2022-01-01,EST001,8974.3,1923.3,457.1
2022-02-01,EST001,9079.7,1981.9,452.0
2022-03-01,EST001,9624.1,2213.5,446.1
2022-04-01,EST001,9191.4,1789.2,450.9
2022-05-01,EST001,11319.1,2282.4,576.2
2022-06-01,EST001,11203.2,2170.7,514.5
2022-07-01,EST001,9984.0,1997.1,425.5
2022-08-01,EST001,8728.4,1946.4,515.2
2022-09-01,EST001,8174.2,1469.9,382.8
2022-10-01,EST001,9770.4,1827.9,483.8
2022-11-01,EST001,9039.0,1994.5,497.6
2022-12-01,EST001,7383.2,1589.6,443.0
2023-01-01,EST001,7937.2,1544.2,347.5
2023-02-01,EST001,9883.5,2103.4,516.4
2023-03-01,EST001,10373.2,2127.7,482.0
2023-04-01,EST001,10081.6,2243.2,476.9
2023-05-01,EST001,10261.8,2063.8,476.1
2023-06-01,EST001,10223.3,2201.9,453.6
2023-07-01,EST001,10913.2,2510.0,543.4
2023-08-01,EST001,8419.3,1759.4,358.9
2023-09-01,EST001,9760.5,1959.3,534.2
2023-10-01,EST001,9371.7,1975.9,471.2
2023-11-01,EST001,8205.9,1596.2,427.6
2023-12-01,EST001,7950.4,1828.6,379.0
2024-01-01,EST001,9679.8,1962.1,466.2
2024-02-01,EST001,8817.3,1727.4,453.5
2024-03-01,EST001,9108.2,1707.5,402.4
2024-04-01,EST001,8795.3,1903.8,424.0
2024-05-01,EST001,10151.0,2162.2,463.9
2024-06-01,EST001,10991.6,2116.3,500.6
2024-07-01,EST001,10975.6,2290.0,439.0
2024-08-01,EST001,11030.5,1956.5,625.4
2024-09-01,EST001,8693.5,1762.8,404.8
2024-10-01,EST001,9614.9,1988.3,536.7
2024-11-01,EST001,9129.2,2059.6,505.2
2024-12-01,EST001,9199.8,1733.6,400.8
2025-01-01,EST001,8385.6,1516.3,373.6
2025-02-01,EST001,9219.1,1720.0,553.1
2025-03-01,EST001,8661.8,1558.7,508.9
2025-04-01,EST001,10508.3,2312.3,523.8
2025-05-01,EST001,10733.9,2396.1,550.5
2025-06-01,EST001,7719.9,1581.1,361.6
2025-07-01,EST001,9791.0,2137.6,510.7
2025-08-01,EST001,10124.1,2045.2,469.9
2025-09-01,EST001,10449.1,2074.9,418.0
2025-10-01,EST001,9599.1,1871.9,416.5
2025-11-01,EST001,8497.5,1659.9,425.8
2025-12-01,EST001,8566.4,1514.4,379.9
2019-01-01,EST002,7271.1,1483.0,361.1
2019-02-01,EST002,6722.9,1340.5,300.0
2019-03-01,EST002,7137.5,1507.3,329.0
2019-04-01,EST002,7812.8,1573.5,424.0
2019-05-01,EST002,7954.3,1571.4,407.6
2019-06-01,EST002,8132.6,1520.2,406.2
2019-07-01,EST002,7579.4,1524.1,412.3
2019-08-01,EST002,7768.0,1639.6,407.1
2019-09-01,EST002,18902.5,1382.5,432.7
2019-10-01,EST002,7081.0,1425.5,337.8
2019-11-01,EST002,6650.5,1353.3,318.2
2019-12-01,EST002,7529.4,1424.8,327.5
2020-01-01,EST002,7041.8,1346.3,337.0
2020-02-01,EST002,6854.2,1394.5,375.8
2020-03-01,EST002,8108.6,1483.9,458.1
2020-04-01,EST002,7881.3,1617.6,431.9
2020-05-01,EST002,7372.0,1375.4,302.5
2020-06-01,EST002,7012.3,1514.3,388.6
2020-07-01,EST002,7612.8,1750.9,310.7
2020-08-01,EST002,7197.6,1346.6,392.2
2020-09-01,EST002,7204.5,1498.6,347.0
2020-10-01,EST002,7423.4,1403.8,397.2
2020-11-01,EST002,6833.3,1473.4,296.1
2020-12-01,EST002,7722.7,1398.0,431.4
2021-01-01,EST002,6060.9,1255.9,258.6
2021-02-01,EST002,7192.0,1344.2,335.6
2021-03-01,EST002,7052.1,1388.5,317.4
2021-04-01,EST002,7816.9,1442.5,322.3
2021-05-01,EST002,7356.9,1562.1,371.3
2021-06-01,EST002,7517.1,1409.0,443.7
2021-07-01,EST002,7121.2,1483.2,427.3
2021-08-01,EST002,8055.4,1569.5,406.7
2021-09-01,EST002,7664.3,1519.7,426.0
2021-10-01,EST002,7400.1,1496.4,378.6
2021-11-01,EST002,7040.3,1327.6,369.6
2021-12-01,EST002,6176.1,1254.7,298.2
2022-01-01,EST002,8808.7,1963.9,449.0
2022-02-01,EST002,8493.7,1599.6,447.5
2022-03-01,EST002,8765.0,1907.1,412.9
2022-04-01,EST002,8645.9,1923.5,428.9
2022-05-01,EST002,9214.3,1730.1,458.0
2022-06-01,EST002,10044.7,1789.7,543.7
2022-07-01,EST002,8845.3,1809.1,395.1
2022-08-01,EST002,8168.6,1566.6,406.3
2022-09-01,EST002,8119.4,1851.5,483.6
2022-10-01,EST002,8184.2,1641.1,456.8
2022-11-01,EST002,7901.6,1485.2,448.4
2022-12-01,EST002,7910.1,1445.9,396.5
2023-01-01,EST002,8181.5,1770.1,422.2
2023-02-01,EST002,8414.9,1610.9,462.9
2023-03-01,EST002,9054.2,1816.8,523.3
2023-04-01,EST002,8898.3,1907.2,358.1
2023-05-01,EST002,8353.9,1610.1,362.7
2023-06-01,EST002,8073.8,1609.2,456.6
2023-07-01,EST002,10551.6,2107.7,513.0
2023-08-01,EST002,8872.7,1865.5,413.8
2023-09-01,EST002,9119.0,1904.6,398.8
2023-10-01,EST002,9042.1,1778.6,427.0
2023-11-01,EST002,7972.0,1602.0,342.7
2023-12-01,EST002,7050.3,1370.7,423.0
2024-01-01,EST002,8040.9,1430.0,401.1
2024-02-01,EST002,7913.5,1613.3,393.4
2024-03-01,EST002,8630.4,1971.0,456.9
2024-04-01,EST002,8490.3,1585.5,465.4
2024-05-01,EST002,8891.3,1675.2,486.6
2024-06-01,EST002,8951.9,1673.5,495.6
2024-07-01,EST002,10176.9,2146.0,476.7
2024-08-01,EST002,9239.2,1910.0,448.2
2024-09-01,EST002,8326.9,1645.6,448.4
2024-10-01,EST002,8483.4,1579.9,401.8
2024-11-01,EST002,8364.2,1684.4,418.0
2024-12-01,EST002,8193.0,1446.3,426.0
2025-01-01,EST002,8203.5,1658.3,442.4
2025-02-01,EST002,8135.0,1733.3,334.4
2025-03-01,EST002,9223.9,1671.7,494.2
2025-04-01,EST002,9101.6,1611.1,444.4
2025-05-01,EST002,8088.5,1809.3,433.0
2025-06-01,EST002,-500.0,1905.8,538.2
2025-07-01,EST002,9993.7,2169.0,580.0
2025-08-01,EST002,7658.6,1514.0,434.8
2025-09-01,EST002,8984.6,1775.1,509.7
2025-10-01,EST002,7226.5,1492.8,413.5
2025-11-01,EST002,7602.1,1419.6,391.2
2025-12-01,EST002,7350.8,1484.8,368.7
2019-01-01,EST003,10820.1,2102.1,588.2
2019-02-01,EST003,11559.0,2082.8,620.3
2019-03-01,EST003,10752.1,2204.8,521.0
2019-04-01,EST003,11513.8,2257.3,599.0
2019-05-01,EST003,11242.2,2222.0,560.1
2019-06-01,EST003,11787.9,2143.6,539.1
2019-07-01,EST003,12707.8,2844.9,717.4
2019-08-01,EST003,13080.4,2788.1,657.6
2019-09-01,EST003,11342.2,2432.5,680.5
2019-10-01,EST003,10337.4,2020.1,432.9
2019-11-01,EST003,9383.2,1633.3,443.0
2019-12-01,EST003,9250.0,2121.0,464.0
2020-01-01,EST003,10654.3,2121.1,593.3
2020-02-01,EST003,11526.1,2175.8,599.3
2020-03-01,EST003,11471.2,2366.0,591.4
2020-04-01,EST003,10245.5,2228.5,454.5
2020-05-01,EST003,9564.9,1909.7,422.9
2020-06-01,EST003,12616.4,2765.2,651.2
2020-07-01,EST003,12996.0,2810.3,561.2
2020-08-01,EST003,10680.6,1963.7,505.6
2020-09-01,EST003,10171.7,1931.5,534.1
2020-10-01,EST003,12375.0,2652.7,558.0
2020-11-01,EST003,10378.4,1764.3,602.2
2020-12-01,EST003,9942.9,1966.3,558.0
2021-01-01,EST003,9566.2,1707.9,403.1
2021-02-01,EST003,10154.2,1958.3,460.4
2021-03-01,EST003,10434.0,2040.0,417.4
2021-04-01,EST003,,2266.5,536.7
2021-05-01,EST003,9077.4,1740.3,488.7
2021-06-01,EST003,12666.8,2324.9,607.1
2021-07-01,EST003,10513.8,2418.2,549.9
2021-08-01,EST003,9997.6,2279.6,423.8
2021-09-01,EST003,10525.9,1921.7,568.3
2021-10-01,EST003,10143.4,2269.4,479.0
2021-11-01,EST003,9600.0,1862.5,480.6
2021-12-01,EST003,9612.9,1941.2,476.2
2022-01-01,EST003,9901.0,1970.8,432.1
2022-02-01,EST003,11939.6,2269.8,528.1
2022-03-01,EST003,10489.0,2252.6,575.2
2022-04-01,EST003,11589.0,2339.7,602.6
2022-05-01,EST003,11192.5,2158.5,618.4
2022-06-01,EST003,11715.4,2113.8,604.8
2022-07-01,EST003,13211.4,2465.2,670.0
2022-08-01,EST003,12407.7,2176.1,513.3
2022-09-01,EST003,13326.3,2667.7,648.3
2022-10-01,EST003,10379.9,1889.7,517.6
2022-11-01,EST003,10289.9,2017.0,615.0
2022-12-01,EST003,10045.0,2215.4,536.8
2023-01-01,EST003,10515.2,2292.2,606.5
2023-02-01,EST003,9513.1,1898.0,504.1
2023-03-01,EST003,11102.5,2206.0,515.6
2023-04-01,EST003,12482.2,2848.4,631.4
2023-05-01,EST003,12023.8,2498.7,615.4
2023-06-01,EST003,10496.0,2047.6,475.5
2023-07-01,EST003,13460.8,2404.2,647.2
2023-08-01,EST003,9946.0,2048.0,487.1
2023-09-01,EST003,10195.5,2165.9,591.6
2023-10-01,EST003,9640.1,1836.7,385.6
2023-11-01,EST003,10157.7,2075.9,569.1
2023-12-01,EST003,10279.3,1999.8,465.8
2024-01-01,EST003,10469.7,2065.0,451.7
2024-02-01,EST003,10440.1,1774.8,583.6
2024-03-01,EST003,11087.6,2180.6,595.0
2024-04-01,EST003,12281.9,2635.0,691.1
2024-05-01,EST003,11983.4,2283.2,647.1
2024-06-01,EST003,11154.1,2239.6,669.2
2024-07-01,EST003,11708.4,2208.9,618.1
2024-08-01,EST003,12151.6,2496.0,598.1
2024-09-01,EST003,23112.2,1819.0,478.1
2024-10-01,EST003,10746.5,1997.9,604.1
2024-11-01,EST003,10807.0,2377.4,498.2
2024-12-01,EST003,,1992.9,435.4
2025-01-01,EST003,10105.6,1929.4,489.7
2025-02-01,EST003,10093.2,2094.0,403.7
2025-03-01,EST003,9797.6,2038.5,496.6
2025-04-01,EST003,11862.5,2486.8,481.3
2025-05-01,EST003,10953.5,1912.3,550.6
2025-06-01,EST003,11070.1,2381.2,601.4
2025-07-01,EST003,10757.0,2059.5,512.2
2025-08-01,EST003,10478.0,2039.4,611.8
2025-09-01,EST003,10788.8,2481.4,460.7
2025-10-01,EST003,10036.1,2052.7,561.6
2025-11-01,EST003,9892.1,1921.1,528.0
2025-12-01,EST003,10478.7,1781.4,434.0
2019-01-01,EST004,8128.4,1795.1,487.7
2019-02-01,EST004,7353.0,1322.2,365.3
2019-03-01,EST004,8798.1,1627.2,401.3
2019-04-01,EST004,9234.8,1801.1,396.8
2019-05-01,EST004,9605.3,2125.1,469.7
2019-06-01,EST004,7375.0,1560.5,364.1
2019-07-01,EST004,10683.3,2111.4,539.6
2019-08-01,EST004,10159.4,2078.9,492.8
2019-09-01,EST004,8522.0,1627.7,453.1
2019-10-01,EST004,9787.7,1978.0,470.4
2019-11-01,EST004,8240.2,1657.1,332.3
2019-12-01,EST004,9030.4,1937.3,444.8
2020-01-01,EST004,8536.4,1831.1,341.5
2020-02-01,EST004,8377.2,1737.5,433.7
2020-03-01,EST004,8975.8,1746.4,404.8
2020-04-01,EST004,8449.7,1784.0,429.4
2020-05-01,EST004,10289.8,2043.8,582.1
2020-06-01,EST004,9772.6,1795.9,442.3
2020-07-01,EST004,11273.3,2186.5,623.5
2020-08-01,EST004,8223.7,1655.2,393.4
2020-09-01,EST004,9051.5,1933.9,531.9
2020-10-01,EST004,9651.8,1903.8,465.0
2020-11-01,EST004,8897.4,1618.1,407.5
2020-12-01,EST004,8449.1,1697.0,451.5
2021-01-01,EST004,10046.8,2026.5,480.4
2021-02-01,EST004,9729.7,1973.1,445.5
2021-03-01,EST004,10797.9,2308.6,514.1
2021-04-01,EST004,11584.8,2494.0,576.7
2021-05-01,EST004,11915.4,2276.9,675.7
2021-06-01,EST004,12076.7,2303.7,487.0
2021-07-01,EST004,11400.7,2102.3,571.4
2021-08-01,EST004,11355.0,2390.0,603.2
2021-09-01,EST004,9945.4,2205.2,506.9
2021-10-01,EST004,8659.6,1691.0,489.7
2021-11-01,EST004,9724.5,1909.7,482.6
2021-12-01,EST004,10604.6,2354.2,520.4
2022-01-01,EST004,10679.3,2216.8,565.6
2022-02-01,EST004,9990.6,2063.5,504.5
2022-03-01,EST004,11081.3,2018.3,532.4
2022-04-01,EST004,11943.8,2510.4,628.0
2022-05-01,EST004,11120.7,2069.2,519.8
2022-06-01,EST004,11741.7,2148.6,551.2
2022-07-01,EST004,10997.8,2142.4,520.9
2022-08-01,EST004,10591.3,2025.2,601.2
2022-09-01,EST004,11290.8,2220.6,451.6
2022-10-01,EST004,11128.2,1985.1,578.4
2022-11-01,EST004,10762.2,2307.2,540.0
2022-12-01,EST004,9517.1,2064.4,395.9
2023-01-01,EST004,8872.6,1515.4,457.4
2023-02-01,EST004,10037.1,2154.7,525.7
2023-03-01,EST004,11002.9,2066.8,582.6
2023-04-01,EST004,11591.7,2467.3,463.7
2023-05-01,EST004,11294.1,2247.2,641.9
2023-06-01,EST004,12288.3,2463.0,569.1
2023-07-01,EST004,32037.2,2527.4,684.7
2023-08-01,EST004,10490.1,2288.8,563.4
2023-09-01,EST004,11100.4,2013.7,506.4
2023-10-01,EST004,10365.2,2167.5,552.5
2023-11-01,EST004,10378.7,2247.2,498.9
2023-12-01,EST004,9983.0,2103.9,399.3
2024-01-01,EST004,10007.0,2301.6,558.8
2024-02-01,EST004,10037.8,1927.9,463.0
2024-03-01,EST004,10039.6,2152.1,459.1
2024-04-01,EST004,12247.1,2429.9,587.7
2024-05-01,EST004,12606.7,2754.6,647.5
2024-06-01,EST004,11094.4,2217.6,551.5
2024-07-01,EST004,13094.8,2542.8,690.6
2024-08-01,EST004,10451.9,2295.1,452.6
2024-09-01,EST004,9831.9,1893.9,455.1
2024-10-01,EST004,11027.2,1971.8,545.0
2024-11-01,EST004,10010.9,1924.6,595.5
2024-12-01,EST004,9425.5,1972.6,465.9
2025-01-01,EST004,9740.3,2151.4,539.9
2025-02-01,EST004,9854.6,1987.3,494.6
2025-03-01,EST004,10893.2,2394.0,518.3
2025-04-01,EST004,11732.9,2107.6,572.2
2025-05-01,EST004,10975.4,2122.1,539.5
2025-06-01,EST004,13146.8,2572.5,697.0
2025-07-01,EST004,10662.3,2114.1,606.4
2025-08-01,EST004,10017.7,2016.2,518.9
2025-09-01,EST004,11090.9,2333.1,620.4
2025-10-01,EST004,10548.4,2039.3,476.5
2025-11-01,EST004,9449.5,1909.6,452.9
2025-12-01,EST004,10677.6,2128.3,495.2
2019-01-01,EST005,12224.3,2275.1,630.4
2019-02-01,EST005,12379.2,2454.7,596.7
2019-03-01,EST005,12784.2,2529.3,685.9
2019-04-01,EST005,12320.4,2433.6,558.7
2019-05-01,EST005,11478.5,2301.2,576.4
2019-06-01,EST005,14145.6,2845.2,755.9
2019-07-01,EST005,13029.2,2521.4,521.2
2019-08-01,EST005,10654.4,2334.3,639.3
2019-09-01,EST005,13084.7,2387.4,635.7
2019-10-01,EST005,11873.6,2246.3,474.9
2019-11-01,EST005,11714.0,2694.2,595.0
2019-12-01,EST005,12149.4,2240.7,609.5
2020-01-01,EST005,11881.0,2134.9,589.2
2020-02-01,EST005,11908.4,2512.9,654.4
2020-03-01,EST005,12765.4,2170.1,686.0
2020-04-01,EST005,-500.0,2402.8,629.7
2020-05-01,EST005,13075.7,3007.4,683.2
2020-06-01,EST005,13999.6,2475.5,692.7
2020-07-01,EST005,10867.9,1850.5,639.9
2020-08-01,EST005,11146.6,1978.7,474.9
2020-09-01,EST005,12251.3,2615.4,621.1
2020-10-01,EST005,11418.5,2476.3,574.6
2020-11-01,EST005,-500.0,2262.3,636.0
2020-12-01,EST005,11205.3,2355.9,513.0
2021-01-01,EST005,11461.8,2531.4,473.2
2021-02-01,EST005,10909.8,2474.5,554.0
2021-03-01,EST005,13053.8,2562.5,671.0
2021-04-01,EST005,13583.2,2309.1,780.3
2021-05-01,EST005,11675.0,2191.2,509.6
2021-06-01,EST005,11670.6,2259.4,650.9
2021-07-01,EST005,14640.5,2871.2,878.4
2021-08-01,EST005,12891.6,2542.0,620.2
2021-09-01,EST005,13563.0,2940.2,590.6
2021-10-01,EST005,12561.5,2752.4,602.5
2021-11-01,EST005,12003.5,2369.8,601.0
2021-12-01,EST005,13188.2,2854.9,696.6
2022-01-01,EST005,10586.3,2174.1,498.0
2022-02-01,EST005,11252.3,2261.3,650.1
2022-03-01,EST005,11104.8,2372.0,493.4
2022-04-01,EST005,13673.8,2749.6,564.8
2022-05-01,EST005,14384.3,3308.4,798.8
2022-06-01,EST005,15688.2,2799.1,627.5
2022-07-01,EST005,14593.7,2806.0,714.8
2022-08-01,EST005,12078.1,2392.7,724.7
2022-09-01,EST005,11227.4,2319.5,560.7
2022-10-01,EST005,11392.0,2495.1,505.8
2022-11-01,EST005,13148.2,2624.8,653.6
2022-12-01,EST005,11831.6,2113.9,588.6
2023-01-01,EST005,11518.7,2449.3,585.2
2023-02-01,EST005,12215.5,2581.4,651.2
2023-03-01,EST005,11459.5,1958.1,513.4
2023-04-01,EST005,12984.6,2596.2,758.8
2023-05-01,EST005,13495.6,2377.2,691.3
2023-06-01,EST005,12764.4,2425.6,684.6
2023-07-01,EST005,11237.0,2095.2,526.6
2023-08-01,EST005,13093.1,2777.6,738.9
2023-09-01,EST005,10044.5,2026.5,489.3
2023-10-01,EST005,12101.4,2186.9,621.9
2023-11-01,EST005,11022.3,2350.0,499.7
2023-12-01,EST005,12008.6,2143.4,540.6
2024-01-01,EST005,11348.5,2325.9,606.5
2024-02-01,EST005,11897.4,2234.2,568.5
2024-03-01,EST005,11976.3,2329.6,547.7
2024-04-01,EST005,12862.7,2669.8,601.8
2024-05-01,EST005,11487.0,2387.2,614.5
2024-06-01,EST005,11988.6,2638.1,561.7
2024-07-01,EST005,12876.4,2559.4,636.2
2024-08-01,EST005,13683.6,2799.6,685.2
2024-09-01,EST005,12899.7,2495.2,521.3
2024-10-01,EST005,11975.6,2427.8,510.7
2024-11-01,EST005,,2280.1,570.4
2024-12-01,EST005,11409.9,2265.2,528.4
2025-01-01,EST005,11025.7,1906.8,609.5
2025-02-01,EST005,10944.6,2243.3,600.1
2025-03-01,EST005,11756.6,2415.6,630.1
2025-04-01,EST005,11774.8,2234.8,695.9
2025-05-01,EST005,10938.0,1976.9,542.4
2025-06-01,EST005,13354.1,2966.5,711.0
2025-07-01,EST005,12998.4,2695.5,611.9
2025-08-01,EST005,11597.8,2279.7,695.9
2025-09-01,EST005,14292.4,2614.7,856.4
2025-10-01,EST005,13589.2,2550.3,680.3
2025-11-01,EST005,12914.1,2835.1,670.7
2025-12-01,EST005,11197.3,2262.6,636.0
2019-01-01,EST006,7999.1,1533.8,394.1
2019-02-01,EST006,7065.7,1467.2,330.1
2019-03-01,EST006,8203.9,1540.6,446.0
2019-04-01,EST006,7724.3,1718.8,389.2
2019-05-01,EST006,9751.8,2148.2,496.5
2019-06-01,EST006,10158.6,1960.6,465.6
2019-07-01,EST006,8251.1,1572.4,341.7
2019-08-01,EST006,9189.9,1562.3,470.3
2019-09-01,EST006,8612.7,1531.1,469.6
2019-10-01,EST006,7818.3,1406.6,382.1
2019-11-01,EST006,8643.2,1746.2,494.2
2019-12-01,EST006,6874.6,1341.3,319.5
2020-01-01,EST006,7134.1,1282.9,319.1
2020-02-01,EST006,7229.7,1415.4,359.1
2020-03-01,EST006,7956.7,1651.7,394.5
2020-04-01,EST006,8926.6,1856.0,480.7
2020-05-01,EST006,8891.2,1524.9,410.1
2020-06-01,EST006,7302.1,1446.4,415.1
2020-07-01,EST006,8497.0,1523.1,508.4
2020-08-01,EST006,9509.4,2030.5,473.6
2020-09-01,EST006,8223.7,1741.5,462.6
2020-10-01,EST006,7971.6,1486.9,356.5
2020-11-01,EST006,7471.4,1408.4,413.7
2020-12-01,EST006,7258.7,1401.5,400.9
2021-01-01,EST006,7826.9,1330.6,425.1
2021-02-01,EST006,7538.2,1545.6,376.3
2021-03-01,EST006,9106.8,1784.1,364.3
2021-04-01,EST006,9740.6,2089.9,455.8
2021-05-01,EST006,9441.8,1732.8,442.5
2021-06-01,EST006,9591.2,1829.2,432.6
2021-07-01,EST006,9313.2,1652.2,471.4
2021-08-01,EST006,7307.7,1351.5,350.1
2021-09-01,EST006,8431.0,1536.7,386.8
2021-10-01,EST006,7756.1,1667.1,346.7
2021-11-01,EST006,8459.5,1603.3,392.7
2021-12-01,EST006,7669.6,1548.2,426.5
2022-01-01,EST006,7734.3,1502.7,361.2
2022-02-01,EST006,7833.9,1417.6,371.5
2022-03-01,EST006,7871.5,1554.4,375.6
2022-04-01,EST006,9529.9,1991.6,492.6
2022-05-01,EST006,-500.0,1772.6,509.5
2022-06-01,EST006,9880.2,2096.0,395.2
2022-07-01,EST006,9963.2,1865.7,549.1
2022-08-01,EST006,9501.4,1831.4,543.3
2022-09-01,EST006,8157.9,1696.5,365.1
2022-10-01,EST006,8246.2,1567.2,372.2
2022-11-01,EST006,7354.6,1475.1,351.2
2022-12-01,EST006,7626.1,1489.2,352.5
2023-01-01,EST006,8138.6,1643.5,416.0
2023-02-01,EST006,8566.4,1456.3,344.9
2023-03-01,EST006,9502.9,1639.8,422.0
2023-04-01,EST006,10681.2,2234.9,616.3
2023-05-01,EST006,12025.7,2592.2,545.5
2023-06-01,EST006,10724.7,1998.5,602.9
2023-07-01,EST006,10814.8,2123.4,560.0
2023-08-01,EST006,10703.5,2188.0,438.3
2023-09-01,EST006,10852.4,2283.3,577.1
2023-10-01,EST006,9666.3,1643.3,477.6
2023-11-01,EST006,6606.8,1233.6,315.3
2023-12-01,EST006,8988.0,1752.8,460.4
2024-01-01,EST006,8924.0,1878.9,467.4
2024-02-01,EST006,8805.6,2025.3,471.4
2024-03-01,EST006,9973.0,1960.5,557.4
2024-04-01,EST006,10979.0,1964.1,571.4
2024-05-01,EST006,11229.6,2313.7,484.2
2024-06-01,EST006,10216.9,2245.8,486.6
2024-07-01,EST006,11052.1,2228.3,663.1
2024-08-01,EST006,23273.5,1735.3,499.2
2024-09-01,EST006,10373.4,2223.7,622.4
2024-10-01,EST006,8745.9,1836.2,498.3
2024-11-01,EST006,9256.5,1708.8,474.0
2024-12-01,EST006,7869.9,1619.0,405.4
2025-01-01,EST006,9262.9,1991.1,461.5
2025-02-01,EST006,9624.8,2095.6,397.6
2025-03-01,EST006,10119.7,2013.9,506.9
2025-04-01,EST006,9586.6,1865.8,537.4
2025-05-01,EST006,,2222.4,478.3
2025-06-01,EST006,10772.9,1959.0,560.8
2025-07-01,EST006,9522.8,1967.2,516.7
2025-08-01,EST006,9037.5,1621.8,410.8
2025-09-01,EST006,10594.7,2288.3,505.8
2025-10-01,EST006,8615.0,1689.7,386.9
2025-11-01,EST006,9384.1,2055.4,430.6
2025-12-01,EST006,8494.1,1761.4,370.0
2019-01-01,EST007,8207.5,1490.9,373.4
2019-02-01,EST007,9409.5,2083.0,537.3
2019-03-01,EST007,10701.7,2389.4,486.1
2019-04-01,EST007,9570.6,2040.8,484.6
2019-05-01,EST007,9019.1,1700.8,428.3
2019-06-01,EST007,11027.5,2154.9,616.4
2019-07-01,EST007,9898.6,2001.3,559.8
2019-08-01,EST007,10456.9,1981.0,568.0
2019-09-01,EST007,9881.5,2227.1,509.2
2019-10-01,EST007,8959.0,1811.2,437.6
2019-11-01,EST007,8887.2,1510.8,391.4
2019-12-01,EST007,7894.1,1619.0,471.4
2020-01-01,EST007,8959.8,1745.2,414.0
2020-02-01,EST007,10520.1,2092.2,560.9
2020-03-01,EST007,8775.0,1706.5,485.2
2020-04-01,EST007,11166.8,2368.5,527.3
2020-05-01,EST007,11420.7,2476.0,630.3
2020-06-01,EST007,25373.2,2073.0,546.2
2020-07-01,EST007,12966.8,2527.4,760.4
2020-08-01,EST007,11587.1,2310.2,552.2
2020-09-01,EST007,10166.2,2036.2,442.9
2020-10-01,EST007,10520.4,1977.5,499.4
2020-11-01,EST007,9958.0,2078.1,508.3
2020-12-01,EST007,,1783.6,433.5
2021-01-01,EST007,8386.2,1871.0,402.8
2021-02-01,EST007,10002.6,2188.9,404.6
2021-03-01,EST007,11446.4,2171.6,599.2
2021-04-01,EST007,11432.0,2427.1,684.3
2021-05-01,EST007,11229.3,2085.7,587.5
2021-06-01,EST007,11146.7,2345.7,591.3
2021-07-01,EST007,11514.6,2213.7,608.7
2021-08-01,EST007,12410.2,2291.6,645.1
2021-09-01,EST007,11411.2,2330.2,623.7
2021-10-01,EST007,10494.4,1784.0,545.5
2021-11-01,EST007,9289.5,1613.9,450.0
2021-12-01,EST007,8702.1,1717.3,400.5
2022-01-01,EST007,9862.2,1984.6,480.8
2022-02-01,EST007,9402.4,1828.4,484.9
2022-03-01,EST007,10213.8,1800.8,494.5
2022-04-01,EST007,11306.5,2122.6,583.1
2022-05-01,EST007,8909.1,1834.1,465.0
2022-06-01,EST007,12677.3,2646.1,686.7
2022-07-01,EST007,12744.3,2545.8,719.0
2022-08-01,EST007,11556.1,2511.7,582.3
2022-09-01,EST007,,2331.4,492.0
2022-10-01,EST007,10820.8,2042.8,522.4
2022-11-01,EST007,9347.6,1830.2,469.4
2022-12-01,EST007,9013.1,1613.0,367.9
2023-01-01,EST007,9125.8,1810.4,519.7
2023-02-01,EST007,9858.7,2136.2,500.0
2023-03-01,EST007,11567.5,2432.4,600.4
2023-04-01,EST007,9820.6,2170.6,558.1
2023-05-01,EST007,11658.2,2278.7,546.2
2023-06-01,EST007,13766.4,3031.2,727.8
2023-07-01,EST007,12034.0,2371.9,595.1
2023-08-01,EST007,11524.0,2559.2,565.6
2023-09-01,EST007,11169.8,2230.3,515.4
2023-10-01,EST007,9062.4,1908.6,528.6
2023-11-01,EST007,8456.6,1878.4,407.0
2023-12-01,EST007,8869.6,1748.2,474.5
2024-01-01,EST007,9714.0,1974.6,394.6
2024-02-01,EST007,10001.1,2193.6,559.1
2024-03-01,EST007,10743.4,2127.2,593.7
2024-04-01,EST007,11164.1,2011.6,563.6
2024-05-01,EST007,10012.0,2302.8,489.2
2024-06-01,EST007,11298.9,2180.2,587.5
2024-07-01,EST007,11692.8,2366.4,701.6
2024-08-01,EST007,11872.0,2580.3,488.9
2024-09-01,EST007,11921.3,2275.4,642.7
2024-10-01,EST007,11649.9,2153.9,529.4
2024-11-01,EST007,9330.4,1901.6,465.6
2024-12-01,EST007,10170.0,1760.5,495.9
2025-01-01,EST007,9566.4,1872.0,457.8
2025-02-01,EST007,9362.6,1906.9,467.6
2025-03-01,EST007,11110.6,2177.1,492.5
2025-04-01,EST007,9794.3,1732.1,540.1
2025-05-01,EST007,10712.7,2398.7,439.5
2025-06-01,EST007,12584.7,2536.5,663.2
2025-07-01,EST007,11966.9,2650.3,578.8
2025-08-01,EST007,11695.2,2293.4,516.3
2025-09-01,EST007,11130.1,2079.1,567.8
2025-10-01,EST007,10091.7,2059.1,426.0
2025-11-01,EST007,9901.6,1948.3,497.0
2025-12-01,EST007,9021.2,1644.9,386.9
2019-01-01,EST008,6389.4,1418.7,334.2
2019-02-01,EST008,5623.7,1072.2,255.2
2019-03-01,EST008,7077.2,1220.1,337.9
2019-04-01,EST008,6705.8,1474.8,345.1
2019-05-01,EST008,7676.0,1477.1,354.1
2019-06-01,EST008,7040.4,1343.9,350.0
2019-07-01,EST008,7740.8,1343.2,328.4
2019-08-01,EST008,7262.7,1642.2,386.0
2019-09-01,EST008,7084.8,1279.9,416.8
2019-10-01,EST008,6911.6,1388.4,414.7
2019-11-01,EST008,6150.7,1314.3,310.3
2019-12-01,EST008,5437.4,1121.9,293.3
2020-01-01,EST008,7207.2,1435.0,296.2
2020-02-01,EST008,7820.4,1364.5,449.8
2020-03-01,EST008,7734.5,1453.0,416.7
2020-04-01,EST008,8455.4,1714.9,402.3
2020-05-01,EST008,8595.2,1617.6,482.9
2020-06-01,EST008,7893.6,1602.8,384.6
2020-07-01,EST008,8923.3,1875.9,425.7
2020-08-01,EST008,7667.2,1644.1,401.6
2020-09-01,EST008,8334.9,1513.7,372.4
2020-10-01,EST008,7230.6,1663.0,398.5
2020-11-01,EST008,7355.8,1555.8,329.0
2020-12-01,EST008,6392.5,1278.3,286.1
2021-01-01,EST008,7518.8,1626.6,341.7
2021-02-01,EST008,7900.4,1817.1,425.0
2021-03-01,EST008,7708.2,1375.3,361.6
2021-04-01,EST008,9010.9,1771.7,389.8
2021-05-01,EST008,7374.4,1253.6,346.4
2021-06-01,EST008,9328.4,1892.6,464.9
2021-07-01,EST008,9890.8,2032.4,436.1
2021-08-01,EST008,10405.5,2075.0,460.4
2021-09-01,EST008,8543.1,1624.7,512.6
2021-10-01,EST008,8537.5,1451.4,390.1
2021-11-01,EST008,7685.8,1580.2,371.9
2021-12-01,EST008,7501.9,1664.2,361.3
2022-01-01,EST008,6804.2,1300.5,325.9
2022-02-01,EST008,7984.7,1649.6,424.0
2022-03-01,EST008,7576.5,1337.1,414.7
2022-04-01,EST008,7722.4,1597.4,374.3
2022-05-01,EST008,8861.7,1720.0,388.3
2022-06-01,EST008,8884.6,1675.3,500.8
2022-07-01,EST008,8030.6,1514.5,397.7
2022-08-01,EST008,9238.1,1793.1,541.8
2022-09-01,EST008,10055.8,2068.8,402.2
2022-10-01,EST008,7980.7,1439.1,406.8
2022-11-01,EST008,8490.3,1647.5,506.0
2022-12-01,EST008,6715.4,1338.9,323.9
2023-01-01,EST008,7759.6,1424.0,379.2
2023-02-01,EST008,7645.8,1735.2,393.6
2023-03-01,EST008,8400.6,1572.6,396.6
2023-04-01,EST008,9878.8,1876.6,478.5
2023-05-01,EST008,9482.9,1757.4,458.1
2023-06-01,EST008,8752.5,1986.6,410.2
2023-07-01,EST008,8775.1,1827.8,492.7
2023-08-01,EST008,7990.7,1485.9,418.0
2023-09-01,EST008,9636.7,2087.2,493.9
2023-10-01,EST008,7991.8,1622.4,431.9
2023-11-01,EST008,8399.8,1712.4,408.9
2023-12-01,EST008,7716.7,1503.5,356.0
2024-01-01,EST008,8238.3,1555.1,387.1
2024-02-01,EST008,7970.4,1634.5,398.6
2024-03-01,EST008,8088.6,1551.6,361.6
2024-04-01,EST008,9980.4,2268.1,474.1
2024-05-01,EST008,9772.2,1768.4,463.4
2024-06-01,EST008,9099.9,2029.7,546.0
2024-07-01,EST008,10430.4,2068.7,417.2
2024-08-01,EST008,10691.7,2186.3,525.0
2024-09-01,EST008,10582.3,2248.7,620.4
2024-10-01,EST008,9804.4,1868.2,496.2
2024-11-01,EST008,8331.3,1774.3,447.9
2024-12-01,EST008,8677.5,1475.2,438.2
2025-01-01,EST008,8916.4,1687.0,416.1
2025-02-01,EST008,8942.5,1664.5,357.7
2025-03-01,EST008,9568.8,1733.8,488.3
2025-04-01,EST008,8929.1,1757.0,411.8
2025-05-01,EST008,10269.0,2113.2,472.4
2025-06-01,EST008,11573.3,2436.6,549.8
2025-07-01,EST008,10994.1,2238.5,645.6
2025-08-01,EST008,10501.3,1995.4,630.1
2025-09-01,EST008,7989.1,1642.0,408.1
2025-10-01,EST008,9819.6,1982.2,468.2
2025-11-01,EST008,8748.2,1872.5,385.9
2025-12-01,EST008,8931.6,1890.4,467.5
2019-01-01,EST009,6082.2,1219.2,358.3
2019-02-01,EST009,7076.5,1320.1,345.1
2019-03-01,EST009,5564.9,1058.5,222.6
2019-04-01,EST009,5770.9,1106.6,307.9
2019-05-01,EST009,6553.9,1279.8,360.0
2019-06-01,EST009,7164.6,1461.7,301.4
2019-07-01,EST009,5937.9,1251.3,302.1
2019-08-01,EST009,7083.7,1411.3,370.2
2019-09-01,EST009,7401.7,1482.1,367.4
2019-10-01,EST009,5654.1,1143.0,260.3
2019-11-01,EST009,7487.9,1439.6,412.4
2019-12-01,EST009,5862.8,1091.2,281.3
2020-01-01,EST009,5857.7,1017.3,249.4
2020-02-01,EST009,6253.0,1185.4,250.1
2020-03-01,EST009,6848.8,1418.4,385.6
2020-04-01,EST009,6112.5,1158.1,324.5
2020-05-01,EST009,7384.0,1450.5,372.4
2020-06-01,EST009,6439.2,1332.9,307.8
2020-07-01,EST009,6063.1,1260.0,287.1
2020-08-01,EST009,6761.9,1242.9,301.7
2020-09-01,EST009,5563.7,1196.0,266.2
2020-10-01,EST009,6296.4,1365.8,251.9
2020-11-01,EST009,6272.7,1148.2,290.5
2020-12-01,EST009,5974.7,1121.1,289.4
2021-01-01,EST009,7609.4,1657.8,403.7
2021-02-01,EST009,6802.8,1345.6,338.8
2021-03-01,EST009,8279.7,1407.5,446.9
2021-04-01,EST009,6315.5,1130.5,358.4
2021-05-01,EST009,6568.9,1289.2,363.2
2021-06-01,EST009,7977.1,1456.3,417.6
2021-07-01,EST009,7735.7,1499.2,387.2
2021-08-01,EST009,7427.9,1489.2,335.0
2021-09-01,EST009,6887.7,1528.6,369.9
2021-10-01,EST009,7590.0,1484.9,443.2
2021-11-01,EST009,6555.3,1416.5,339.0
2021-12-01,EST009,7175.8,1588.9,427.6
2022-01-01,EST009,6995.6,1549.6,296.4
2022-02-01,EST009,7165.5,1463.7,316.9
2022-03-01,EST009,7750.2,1321.8,420.6
2022-04-01,EST009,6771.5,1401.1,347.5
2022-05-01,EST009,6558.8,1414.9,371.0
2022-06-01,EST009,7541.2,1499.1,376.5
2022-07-01,EST009,7671.6,1735.1,350.3
2022-08-01,EST009,8581.7,1827.0,419.9
2022-09-01,EST009,5943.4,1239.3,251.6
2022-10-01,EST009,8830.3,1910.0,391.7
2022-11-01,EST009,7482.8,1534.0,410.5
2022-12-01,EST009,6487.1,1102.8,352.7
2023-01-01,EST009,5970.9,1149.5,309.4
2023-02-01,EST009,7222.9,1574.3,299.0
2023-03-01,EST009,6832.7,1283.8,329.4
2023-04-01,EST009,7787.6,1531.4,341.7
2023-05-01,EST009,6580.6,1213.0,367.7
2023-06-01,EST009,7760.3,1759.7,365.4
2023-07-01,EST009,7709.7,1736.4,343.6
2023-08-01,EST009,7866.8,1469.1,394.5
2023-09-01,EST009,6622.3,1339.1,309.9
2023-10-01,EST009,6105.2,1158.7,350.6
2023-11-01,EST009,7792.3,1630.3,361.0
2023-12-01,EST009,7459.3,1548.9,320.8
2024-01-01,EST009,6948.7,1474.3,277.9
2024-02-01,EST009,6755.8,1384.8,336.8
2024-03-01,EST009,7909.2,1819.1,373.2
2024-04-01,EST009,8789.9,1622.4,376.7
2024-05-01,EST009,6399.9,1115.8,358.0
2024-06-01,EST009,8080.1,1568.4,431.0
2024-07-01,EST009,8153.4,1438.9,406.5
2024-08-01,EST009,8893.7,1579.6,505.4
2024-09-01,EST009,6976.6,1290.5,371.9
2024-10-01,EST009,6649.8,1238.0,305.1
2024-11-01,EST009,7855.5,1458.6,352.0
2024-12-01,EST009,6154.3,1278.7,332.9
2025-01-01,EST009,8171.3,1572.2,424.8
2025-02-01,EST009,6801.4,1342.0,345.8
2025-03-01,EST009,8301.5,1771.7,379.9
2025-04-01,EST009,7271.3,1370.7,385.7
2025-05-01,EST009,7680.6,1505.6,355.0
2025-06-01,EST009,8059.3,1656.1,398.9
2025-07-01,EST009,7311.7,1249.4,418.5
2025-08-01,EST009,7069.7,1201.8,330.1
2025-09-01,EST009,7594.3,1558.3,320.0
2025-10-01,EST009,7295.2,1512.9,326.4
2025-11-01,EST009,7669.9,1764.1,421.6
2025-12-01,EST009,6348.8,1284.8,325.5
2019-01-01,EST010,8614.3,1828.8,425.2
2019-02-01,EST010,7926.9,1562.1,376.2
2019-03-01,EST010,7777.5,1590.2,407.7
2019-04-01,EST010,8996.7,2024.3,411.6
2019-05-01,EST010,7367.5,1252.5,379.6
2019-06-01,EST010,7292.4,1503.7,338.0
2019-07-01,EST010,10549.0,2426.3,480.1
2019-08-01,EST010,8781.6,1793.5,411.1
2019-09-01,EST010,9621.9,2162.6,463.0
2019-10-01,EST010,7246.2,1380.8,360.5
2019-11-01,EST010,7601.2,1516.6,389.0
2019-12-01,EST010,7239.1,1451.5,289.6
2020-01-01,EST010,7944.7,1350.6,365.2
2020-02-01,EST010,7136.7,1302.3,342.9
2020-03-01,EST010,8960.7,1644.7,515.5
2020-04-01,EST010,7823.5,1661.2,348.9
2020-05-01,EST010,9536.9,2032.1,484.6
2020-06-01,EST010,8925.3,1828.4,513.0
2020-07-01,EST010,9261.3,1966.7,402.3
2020-08-01,EST010,8089.2,1597.9,420.4
2020-09-01,EST010,6965.6,1518.7,320.3
2020-10-01,EST010,8862.5,1773.7,420.8
2020-11-01,EST010,7987.7,1604.5,367.3
2020-12-01,EST010,6854.5,1343.6,317.6
2021-01-01,EST010,8638.7,1816.4,518.3
2021-02-01,EST010,7554.8,1463.2,409.6
2021-03-01,EST010,8231.3,1766.8,456.9
2021-04-01,EST010,9008.2,1648.7,472.6
2021-05-01,EST010,7603.2,1395.3,319.1
2021-06-01,EST010,8736.9,1837.5,454.1
2021-07-01,EST010,9003.4,1788.7,498.5
2021-08-01,EST010,8384.7,1619.9,383.5
2021-09-01,EST010,7380.2,1574.6,404.6
2021-10-01,EST010,7779.5,1485.0,416.4
2021-11-01,EST010,8527.2,1679.8,505.3
2021-12-01,EST010,7962.0,1759.5,381.5
2022-01-01,EST010,9399.6,2096.9,418.4
2022-02-01,EST010,8385.0,1874.8,404.1
2022-03-01,EST010,8481.7,1660.4,485.0
2022-04-01,EST010,11526.8,2518.2,471.0
2022-05-01,EST010,8812.1,1637.0,352.5
2022-06-01,EST010,10798.1,2012.7,544.7
2022-07-01,EST010,8817.9,1499.0,421.4
2022-08-01,EST010,8988.6,2023.3,449.8
2022-09-01,EST010,10889.2,2036.7,595.9
2022-10-01,EST010,8558.4,1695.4,404.3
2022-11-01,EST010,8967.7,1671.1,364.4
2022-12-01,EST010,8842.7,1860.7,530.6
2023-01-01,EST010,9752.3,1895.5,439.0
2023-02-01,EST010,9136.7,1648.5,408.5
2023-03-01,EST010,10383.8,2145.6,576.5
2023-04-01,EST010,9159.5,1634.9,440.4
2023-05-01,EST010,10564.7,1980.2,524.9
2023-06-01,EST010,8281.8,1407.9,434.1
2023-07-01,EST010,10255.6,1832.1,568.3
2023-08-01,EST010,8299.2,1682.1,401.1
2023-09-01,EST010,11475.9,1957.0,661.0
2023-10-01,EST010,10009.1,1779.4,400.4
2023-11-01,EST010,9672.0,1934.1,520.3
2023-12-01,EST010,9616.6,1844.9,440.5
2024-01-01,EST010,8985.6,2065.6,510.9
2024-02-01,EST010,,2316.0,516.2
2024-03-01,EST010,11165.8,2087.8,520.7
2024-04-01,EST010,9699.4,2020.9,517.1
2024-05-01,EST010,9407.2,1987.2,512.4
2024-06-01,EST010,11266.3,2152.3,599.5
2024-07-01,EST010,,1625.0,410.4
2024-08-01,EST010,9789.7,1956.1,465.8
2024-09-01,EST010,9732.6,1921.3,486.4
2024-10-01,EST010,9896.1,1914.5,492.8
2024-11-01,EST010,9814.3,2028.0,527.5
2024-12-01,EST010,9532.1,1799.1,381.3
2025-01-01,EST010,8536.4,1559.8,441.1
2025-02-01,EST010,9164.3,1847.9,444.9
2025-03-01,EST010,9281.6,1910.1,425.2
2025-04-01,EST010,9607.2,1751.9,444.7
2025-05-01,EST010,9465.6,2024.9,463.1
2025-06-01,EST010,8945.7,1551.6,357.8
2025-07-01,EST010,9752.8,1866.0,453.4
2025-08-01,EST010,9326.8,1829.3,425.5
2025-09-01,EST010,9624.3,1833.0,506.9
2025-10-01,EST010,8785.7,1682.7,403.9
2025-11-01,EST010,8879.5,2025.1,434.4
2025-12-01,EST010,8554.7,1601.8,493.7
2020-12-01,EST009,5974.7,1121.1,289.4
2024-01-01,EST010,8985.6,2065.6,510.9
2021-07-01,EST001,8785.1,1569.0,380.1
2019-12-01,EST008,5437.4,1121.9,293.3
2020-01-01,EST002,7041.8,1346.3,337.0
